Resolving dependencies...
Downloading packages...
  flutter_lints 4.0.0 (6.0.0 available)
  lints 4.0.0 (6.1.0 available)
  matcher 0.12.19 (0.12.20 available)
  meta 1.17.0 (1.18.2 available)
  test_api 0.7.10 (0.7.12 available)
  vector_math 2.2.0 (2.3.0 available)
  video_player_android 2.9.5 (2.9.6 available)
Got dependencies!
7 packages have newer versions incompatible with dependency constraints.
Try `flutter pub outdated` for more information.
This application is not configured to build on the web.
To add web support to a project, run `flutter create .`.
Launching lib\main.dart on Chrome in debug mode...
Waiting for connection from debug service on Chrome...             56.2s

Flutter run key commands.
r Hot reload. 
R Hot restart.
h List all available interactive commands.
d Detach (terminate "flutter run" but leave application running).
c Clear the screen
q Quit (terminate the application on the device).

Debug service listening on ws://127.0.0.1:51675/2mXZ57zjjAM=/ws
A Dart VM Service on Chrome is available at: http://127.0.0.1:51675/2mXZ57zjjAM=
The Flutter DevTools debugger and profiler on Chrome is available at: http://127.0.0.1:51675/2mXZ57zjjAM=/devtools/?uri=ws://127.0.0.1:51675/2mXZ57zjjAM=/ws
Starting application from main method in: org-dartlang-app:/web_entrypoint.dart.
Starting application from main method in: org-dartlang-app:/web_entrypoint.dart.
Starting application from main method in: org-dartlang-app:/web_entrypoint.dart.
MATCH_DETAIL score team1=217/6 (20.0 OV)
MATCH_DETAIL score team2=
MATCH_DETAIL hero leftScore= rightScore=
MATCH_DETAIL score team1=217/6 (20.0 OV)
MATCH_DETAIL score team2=
MATCH_DETAIL hero leftScore= rightScore=
Starting application from main method in: org-dartlang-app:/web_entrypoint.dart.
MATCH_DETAIL score team1=217/6 (20.0 OV)
MATCH_DETAIL score team2=
MATCH_DETAIL hero leftScore= rightScore=
MATCH_DETAIL score team1=217/6 (20.0 OV)
MATCH_DETAIL score team2=
MATCH_DETAIL hero leftScore= rightScore=
Starting application from main method in: org-dartlang-app:/web_entrypoint.dart.
Starting application from main method in: org-dartlang-app:/web_entrypoint.dart.
Starting application from main method in: org-dartlang-app:/web_entrypoint.dart.
MATCH_DETAIL score team1=70/3 (11.3 OV)
MATCH_DETAIL score team2=
MATCH_DETAIL hero leftScore=70/3 (11.3 OV) rightScore=Yet to bat
MATCH_DETAIL score team1=70/3 (11.3 OV)
MATCH_DETAIL score team2=
MATCH_DETAIL hero leftScore=70/3 (11.3 OV) rightScore=Yet to bat
DartError: setState() callback argument returned a Future.
The setState() method on _MatchDetailsScreenState#5cff1 was called with a closure or method that returned a Future. Maybe it is marked as "async".
Instead of performing asynchronous work inside a call to setState(), first execute the work (without updating the widget state), and then synchronously update the state inside a call to setState().
dart-sdk/lib/_internal/js_dev_runtime/private/ddc_runtime/errors.dart 274:3    throw_
package:flutter/src/widgets/framework.dart 1202:9                              <fn>
package:flutter/src/widgets/framework.dart 1217:14                             setState
package:cricpro_flutter/screens/match_details/match_details_screen.dart 60:22  <fn>
dart-sdk/lib/_internal/js_dev_runtime/private/isolate_helper.dart 81:9         <fn>
DartError: setState() callback argument returned a Future.
The setState() method on _MatchDetailsScreenState#5cff1 was called with a closure or method that returned a Future. Maybe it is marked as "async".
Instead of performing asynchronous work inside a call to setState(), first execute the work (without updating the widget state), and then synchronously update the state inside a call to setState().
dart-sdk/lib/_internal/js_dev_runtime/private/ddc_runtime/errors.dart 274:3    throw_
package:flutter/src/widgets/framework.dart 1202:9                              <fn>
package:flutter/src/widgets/framework.dart 1217:14                             setState
package:cricpro_flutter/screens/match_details/match_details_screen.dart 60:22  <fn>
dart-sdk/lib/_internal/js_dev_runtime/private/isolate_helper.dart 81:9         <fn>
DartError: setState() callback argument returned a Future.
The setState() method on _MatchDetailsScreenState#5cff1 was called with a closure or method that returned a Future. Maybe it is marked as "async".
Instead of performing asynchronous work inside a call to setState(), first execute the work (without updating the widget state), and then synchronously update the state inside a call to setState().
dart-sdk/lib/_internal/js_dev_runtime/private/ddc_runtime/errors.dart 274:3    throw_
package:flutter/src/widgets/framework.dart 1202:9                              <fn>
package:flutter/src/widgets/framework.dart 1217:14                             setState
package:cricpro_flutter/screens/match_details/match_details_screen.dart 66:22  <fn>
dart-sdk/lib/_internal/js_dev_runtime/private/isolate_helper.dart 81:9         <fn>
DartError: setState() callback argument returned a Future.
The setState() method on _MatchDetailsScreenState#5cff1 was called with a closure or method that returned a Future. Maybe it is marked as "async".
Instead of performing asynchronous work inside a call to setState(), first execute the work (without updating the widget state), and then synchronously update the state inside a call to setState().
dart-sdk/lib/_internal/js_dev_runtime/private/ddc_runtime/errors.dart 274:3    throw_
package:flutter/src/widgets/framework.dart 1202:9                              <fn>
package:flutter/src/widgets/framework.dart 1217:14                             setState
package:cricpro_flutter/screens/match_details/match_details_screen.dart 60:22  <fn>
dart-sdk/lib/_internal/js_dev_runtime/private/isolate_helper.dart 81:9         <fn>
DartError: setState() callback argument returned a Future.
The setState() method on _MatchDetailsScreenState#5cff1 was called with a closure or method that returned a Future. Maybe it is marked as "async".
Instead of performing asynchronous work inside a call to setState(), first execute the work (without updating the widget state), and then synchronously update the state inside a call to setState().
dart-sdk/lib/_internal/js_dev_runtime/private/ddc_runtime/errors.dart 274:3    throw_
package:flutter/src/widgets/framework.dart 1202:9                              <fn>
package:flutter/src/widgets/framework.dart 1217:14                             setState
package:cricpro_flutter/screens/match_details/match_details_screen.dart 60:22  <fn>
dart-sdk/lib/_internal/js_dev_runtime/private/isolate_helper.dart 81:9         <fn>
DartError: setState() callback argument returned a Future.
The setState() method on _MatchDetailsScreenState#5cff1 was called with a closure or method that returned a Future. Maybe it is marked as "async".
Instead of performing asynchronous work inside a call to setState(), first execute the work (without updating the widget state), and then synchronously update the state inside a call to setState().
dart-sdk/lib/_internal/js_dev_runtime/private/ddc_runtime/errors.dart 274:3    throw_
package:flutter/src/widgets/framework.dart 1202:9                              <fn>
package:flutter/src/widgets/framework.dart 1217:14                             setState
package:cricpro_flutter/screens/match_details/match_details_screen.dart 60:22  <fn>
dart-sdk/lib/_internal/js_dev_runtime/private/isolate_helper.dart 81:9         <fn>
DartError: setState() callback argument returned a Future.
The setState() method on _MatchDetailsScreenState#5cff1 was called with a closure or method that returned a Future. Maybe it is marked as "async".
Instead of performing asynchronous work inside a call to setState(), first execute the work (without updating the widget state), and then synchronously update the state inside a call to setState().
dart-sdk/lib/_internal/js_dev_runtime/private/ddc_runtime/errors.dart 274:3    throw_
package:flutter/src/widgets/framework.dart 1202:9                              <fn>
package:flutter/src/widgets/framework.dart 1217:14                             setState
package:cricpro_flutter/screens/match_details/match_details_screen.dart 66:22  <fn>
dart-sdk/lib/_internal/js_dev_runtime/private/isolate_helper.dart 81:9         <fn>
DartError: setState() callback argument returned a Future.
The setState() method on _MatchDetailsScreenState#5cff1 was called with a closure or method that returned a Future. Maybe it is marked as "async".
Instead of performing asynchronous work inside a call to setState(), first execute the work (without updating the widget state), and then synchronously update the state inside a call to setState().
dart-sdk/lib/_internal/js_dev_runtime/private/ddc_runtime/errors.dart 274:3    throw_
package:flutter/src/widgets/framework.dart 1202:9                              <fn>
package:flutter/src/widgets/framework.dart 1217:14                             setState
package:cricpro_flutter/screens/match_details/match_details_screen.dart 60:22  <fn>
dart-sdk/lib/_internal/js_dev_runtime/private/isolate_helper.dart 81:9         <fn>
DartError: setState() callback argument returned a Future.
The setState() method on _MatchDetailsScreenState#5cff1 was called with a closure or method that returned a Future. Maybe it is marked as "async".
Instead of performing asynchronous work inside a call to setState(), first execute the work (without updating the widget state), and then synchronously update the state inside a call to setState().
dart-sdk/lib/_internal/js_dev_runtime/private/ddc_runtime/errors.dart 274:3    throw_
package:flutter/src/widgets/framework.dart 1202:9                              <fn>
package:flutter/src/widgets/framework.dart 1217:14                             setState
package:cricpro_flutter/screens/match_details/match_details_screen.dart 60:22  <fn>
dart-sdk/lib/_internal/js_dev_runtime/private/isolate_helper.dart 81:9         <fn>
DartError: setState() callback argument returned a Future.
The setState() method on _MatchDetailsScreenState#5cff1 was called with a closure or method that returned a Future. Maybe it is marked as "async".
Instead of performing asynchronous work inside a call to setState(), first execute the work (without updating the widget state), and then synchronously update the state inside a call to setState().
dart-sdk/lib/_internal/js_dev_runtime/private/ddc_runtime/errors.dart 274:3    throw_
package:flutter/src/widgets/framework.dart 1202:9                              <fn>
package:flutter/src/widgets/framework.dart 1217:14                             setState
package:cricpro_flutter/screens/match_details/match_details_screen.dart 66:22  <fn>
dart-sdk/lib/_internal/js_dev_runtime/private/isolate_helper.dart 81:9         <fn>
DartError: setState() callback argument returned a Future.
The setState() method on _MatchDetailsScreenState#5cff1 was called with a closure or method that returned a Future. Maybe it is marked as "async".
Instead of performing asynchronous work inside a call to setState(), first execute the work (without updating the widget state), and then synchronously update the state inside a call to setState().
dart-sdk/lib/_internal/js_dev_runtime/private/ddc_runtime/errors.dart 274:3    throw_
package:flutter/src/widgets/framework.dart 1202:9                              <fn>
package:flutter/src/widgets/framework.dart 1217:14                             setState
package:cricpro_flutter/screens/match_details/match_details_screen.dart 60:22  <fn>
dart-sdk/lib/_internal/js_dev_runtime/private/isolate_helper.dart 81:9         <fn>
DartError: setState() callback argument returned a Future.
The setState() method on _MatchDetailsScreenState#5cff1 was called with a closure or method that returned a Future. Maybe it is marked as "async".
Instead of performing asynchronous work inside a call to setState(), first execute the work (without updating the widget state), and then synchronously update the state inside a call to setState().
dart-sdk/lib/_internal/js_dev_runtime/private/ddc_runtime/errors.dart 274:3    throw_
package:flutter/src/widgets/framework.dart 1202:9                              <fn>
package:flutter/src/widgets/framework.dart 1217:14                             setState
package:cricpro_flutter/screens/match_details/match_details_screen.dart 60:22  <fn>
dart-sdk/lib/_internal/js_dev_runtime/private/isolate_helper.dart 81:9         <fn>
DartError: setState() callback argument returned a Future.
The setState() method on _MatchDetailsScreenState#5cff1 was called with a closure or method that returned a Future. Maybe it is marked as "async".
Instead of performing asynchronous work inside a call to setState(), first execute the work (without updating the widget state), and then synchronously update the state inside a call to setState().
dart-sdk/lib/_internal/js_dev_runtime/private/ddc_runtime/errors.dart 274:3    throw_
package:flutter/src/widgets/framework.dart 1202:9                              <fn>
package:flutter/src/widgets/framework.dart 1217:14                             setState
package:cricpro_flutter/screens/match_details/match_details_screen.dart 60:22  <fn>
dart-sdk/lib/_internal/js_dev_runtime/private/isolate_helper.dart 81:9         <fn>
DartError: setState() callback argument returned a Future.
The setState() method on _MatchDetailsScreenState#5cff1 was called with a closure or method that returned a Future. Maybe it is marked as "async".
Instead of performing asynchronous work inside a call to setState(), first execute the work (without updating the widget state), and then synchronously update the state inside a call to setState().
dart-sdk/lib/_internal/js_dev_runtime/private/ddc_runtime/errors.dart 274:3    throw_
package:flutter/src/widgets/framework.dart 1202:9                              <fn>
package:flutter/src/widgets/framework.dart 1217:14                             setState
package:cricpro_flutter/screens/match_details/match_details_screen.dart 66:22  <fn>
dart-sdk/lib/_internal/js_dev_runtime/private/isolate_helper.dart 81:9         <fn>
DartError: setState() callback argument returned a Future.
The setState() method on _MatchDetailsScreenState#5cff1 was called with a closure or method that returned a Future. Maybe it is marked as "async".
Instead of performing asynchronous work inside a call to setState(), first execute the work (without updating the widget state), and then synchronously update the state inside a call to setState().
dart-sdk/lib/_internal/js_dev_runtime/private/ddc_runtime/errors.dart 274:3    throw_
package:flutter/src/widgets/framework.dart 1202:9                              <fn>
package:flutter/src/widgets/framework.dart 1217:14                             setState
package:cricpro_flutter/screens/match_details/match_details_screen.dart 60:22  <fn>
dart-sdk/lib/_internal/js_dev_runtime/private/isolate_helper.dart 81:9         <fn>
DartError: setState() callback argument returned a Future.
The setState() method on _MatchDetailsScreenState#5cff1 was called with a closure or method that returned a Future. Maybe it is marked as "async".
Instead of performing asynchronous work inside a call to setState(), first execute the work (without updating the widget state), and then synchronously update the state inside a call to setState().
dart-sdk/lib/_internal/js_dev_runtime/private/ddc_runtime/errors.dart 274:3    throw_
package:flutter/src/widgets/framework.dart 1202:9                              <fn>
package:flutter/src/widgets/framework.dart 1217:14                             setState
package:cricpro_flutter/screens/match_details/match_details_screen.dart 60:22  <fn>
dart-sdk/lib/_internal/js_dev_runtime/private/isolate_helper.dart 81:9         <fn>
DartError: setState() callback argument returned a Future.
The setState() method on _MatchDetailsScreenState#5cff1 was called with a closure or method that returned a Future. Maybe it is marked as "async".
Instead of performing asynchronous work inside a call to setState(), first execute the work (without updating the widget state), and then synchronously update the state inside a call to setState().
dart-sdk/lib/_internal/js_dev_runtime/private/ddc_runtime/errors.dart 274:3    throw_
package:flutter/src/widgets/framework.dart 1202:9                              <fn>
package:flutter/src/widgets/framework.dart 1217:14                             setState
package:cricpro_flutter/screens/match_details/match_details_screen.dart 66:22  <fn>
dart-sdk/lib/_internal/js_dev_runtime/private/isolate_helper.dart 81:9         <fn>
DartError: setState() callback argument returned a Future.
The setState() method on _MatchDetailsScreenState#5cff1 was called with a closure or method that returned a Future. Maybe it is marked as "async".
Instead of performing asynchronous work inside a call to setState(), first execute the work (without updating the widget state), and then synchronously update the state inside a call to setState().
dart-sdk/lib/_internal/js_dev_runtime/private/ddc_runtime/errors.dart 274:3    throw_
package:flutter/src/widgets/framework.dart 1202:9                              <fn>
package:flutter/src/widgets/framework.dart 1217:14                             setState
package:cricpro_flutter/screens/match_details/match_details_screen.dart 60:22  <fn>
dart-sdk/lib/_internal/js_dev_runtime/private/isolate_helper.dart 81:9         <fn>
DartError: setState() callback argument returned a Future.
The setState() method on _MatchDetailsScreenState#5cff1 was called with a closure or method that returned a Future. Maybe it is marked as "async".
Instead of performing asynchronous work inside a call to setState(), first execute the work (without updating the widget state), and then synchronously update the state inside a call to setState().
dart-sdk/lib/_internal/js_dev_runtime/private/ddc_runtime/errors.dart 274:3    throw_
package:flutter/src/widgets/framework.dart 1202:9                              <fn>
package:flutter/src/widgets/framework.dart 1217:14                             setState
package:cricpro_flutter/screens/match_details/match_details_screen.dart 60:22  <fn>
dart-sdk/lib/_internal/js_dev_runtime/private/isolate_helper.dart 81:9         <fn>
DartError: setState() callback argument returned a Future.
The setState() method on _MatchDetailsScreenState#5cff1 was called with a closure or method that returned a Future. Maybe it is marked as "async".
Instead of performing asynchronous work inside a call to setState(), first execute the work (without updating the widget state), and then synchronously update the state inside a call to setState().
dart-sdk/lib/_internal/js_dev_runtime/private/ddc_runtime/errors.dart 274:3    throw_
package:flutter/src/widgets/framework.dart 1202:9                              <fn>
package:flutter/src/widgets/framework.dart 1217:14                             setState
package:cricpro_flutter/screens/match_details/match_details_screen.dart 60:22  <fn>
dart-sdk/lib/_internal/js_dev_runtime/private/isolate_helper.dart 81:9         <fn>
DartError: setState() callback argument returned a Future.
The setState() method on _MatchDetailsScreenState#5cff1 was called with a closure or method that returned a Future. Maybe it is marked as "async".
Instead of performing asynchronous work inside a call to setState(), first execute the work (without updating the widget state), and then synchronously update the state inside a call to setState().
dart-sdk/lib/_internal/js_dev_runtime/private/ddc_runtime/errors.dart 274:3    throw_
package:flutter/src/widgets/framework.dart 1202:9                              <fn>
package:flutter/src/widgets/framework.dart 1217:14                             setState
package:cricpro_flutter/screens/match_details/match_details_screen.dart 66:22  <fn>
dart-sdk/lib/_internal/js_dev_runtime/private/isolate_helper.dart 81:9         <fn>
DartError: setState() callback argument returned a Future.
The setState() method on _MatchDetailsScreenState#5cff1 was called with a closure or method that returned a Future. Maybe it is marked as "async".
Instead of performing asynchronous work inside a call to setState(), first execute the work (without updating the widget state), and then synchronously update the state inside a call to setState().
dart-sdk/lib/_internal/js_dev_runtime/private/ddc_runtime/errors.dart 274:3    throw_
package:flutter/src/widgets/framework.dart 1202:9                              <fn>
package:flutter/src/widgets/framework.dart 1217:14                             setState
package:cricpro_flutter/screens/match_details/match_details_screen.dart 60:22  <fn>
dart-sdk/lib/_internal/js_dev_runtime/private/isolate_helper.dart 81:9         <fn>
DartError: setState() callback argument returned a Future.
The setState() method on _MatchDetailsScreenState#5cff1 was called with a closure or method that returned a Future. Maybe it is marked as "async".
Instead of performing asynchronous work inside a call to setState(), first execute the work (without updating the widget state), and then synchronously update the state inside a call to setState().
dart-sdk/lib/_internal/js_dev_runtime/private/ddc_runtime/errors.dart 274:3    throw_
package:flutter/src/widgets/framework.dart 1202:9                              <fn>
package:flutter/src/widgets/framework.dart 1217:14                             setState
package:cricpro_flutter/screens/match_details/match_details_screen.dart 60:22  <fn>
dart-sdk/lib/_internal/js_dev_runtime/private/isolate_helper.dart 81:9         <fn>
DartError: setState() callback argument returned a Future.
The setState() method on _MatchDetailsScreenState#5cff1 was called with a closure or method that returned a Future. Maybe it is marked as "async".
Instead of performing asynchronous work inside a call to setState(), first execute the work (without updating the widget state), and then synchronously update the state inside a call to setState().
dart-sdk/lib/_internal/js_dev_runtime/private/ddc_runtime/errors.dart 274:3    throw_
package:flutter/src/widgets/framework.dart 1202:9                              <fn>
package:flutter/src/widgets/framework.dart 1217:14                             setState
package:cricpro_flutter/screens/match_details/match_details_screen.dart 66:22  <fn>
dart-sdk/lib/_internal/js_dev_runtime/private/isolate_helper.dart 81:9         <fn>
DartError: setState() callback argument returned a Future.
The setState() method on _MatchDetailsScreenState#5cff1 was called with a closure or method that returned a Future. Maybe it is marked as "async".
Instead of performing asynchronous work inside a call to setState(), first execute the work (without updating the widget state), and then synchronously update the state inside a call to setState().
dart-sdk/lib/_internal/js_dev_runtime/private/ddc_runtime/errors.dart 274:3    throw_
package:flutter/src/widgets/framework.dart 1202:9                              <fn>
package:flutter/src/widgets/framework.dart 1217:14                             setState
package:cricpro_flutter/screens/match_details/match_details_screen.dart 60:22  <fn>
dart-sdk/lib/_internal/js_dev_runtime/private/isolate_helper.dart 81:9         <fn>
DartError: setState() callback argument returned a Future.
The setState() method on _MatchDetailsScreenState#5cff1 was called with a closure or method that returned a Future. Maybe it is marked as "async".
Instead of performing asynchronous work inside a call to setState(), first execute the work (without updating the widget state), and then synchronously update the state inside a call to setState().
dart-sdk/lib/_internal/js_dev_runtime/private/ddc_runtime/errors.dart 274:3    throw_
package:flutter/src/widgets/framework.dart 1202:9                              <fn>
package:flutter/src/widgets/framework.dart 1217:14                             setState
package:cricpro_flutter/screens/match_details/match_details_screen.dart 60:22  <fn>
dart-sdk/lib/_internal/js_dev_runtime/private/isolate_helper.dart 81:9         <fn>
DartError: setState() callback argument returned a Future.
The setState() method on _MatchDetailsScreenState#5cff1 was called with a closure or method that returned a Future. Maybe it is marked as "async".
Instead of performing asynchronous work inside a call to setState(), first execute the work (without updating the widget state), and then synchronously update the state inside a call to setState().
dart-sdk/lib/_internal/js_dev_runtime/private/ddc_runtime/errors.dart 274:3    throw_
package:flutter/src/widgets/framework.dart 1202:9                              <fn>
package:flutter/src/widgets/framework.dart 1217:14                             setState
package:cricpro_flutter/screens/match_details/match_details_screen.dart 60:22  <fn>
dart-sdk/lib/_internal/js_dev_runtime/private/isolate_helper.dart 81:9         <fn>
DartError: setState() callback argument returned a Future.
The setState() method on _MatchDetailsScreenState#5cff1 was called with a closure or method that returned a Future. Maybe it is marked as "async".
Instead of performing asynchronous work inside a call to setState(), first execute the work (without updating the widget state), and then synchronously update the state inside a call to setState().
dart-sdk/lib/_internal/js_dev_runtime/private/ddc_runtime/errors.dart 274:3    throw_
package:flutter/src/widgets/framework.dart 1202:9                              <fn>
package:flutter/src/widgets/framework.dart 1217:14                             setState
package:cricpro_flutter/screens/match_details/match_details_screen.dart 66:22  <fn>
dart-sdk/lib/_internal/js_dev_runtime/private/isolate_helper.dart 81:9         <fn>
DartError: setState() callback argument returned a Future.
The setState() method on _MatchDetailsScreenState#5cff1 was called with a closure or method that returned a Future. Maybe it is marked as "async".
Instead of performing asynchronous work inside a call to setState(), first execute the work (without updating the widget state), and then synchronously update the state inside a call to setState().
dart-sdk/lib/_internal/js_dev_runtime/private/ddc_runtime/errors.dart 274:3    throw_
package:flutter/src/widgets/framework.dart 1202:9                              <fn>
package:flutter/src/widgets/framework.dart 1217:14                             setState
package:cricpro_flutter/screens/match_details/match_details_screen.dart 60:22  <fn>
dart-sdk/lib/_internal/js_dev_runtime/private/isolate_helper.dart 81:9         <fn>
DartError: setState() callback argument returned a Future.
The setState() method on _MatchDetailsScreenState#5cff1 was called with a closure or method that returned a Future. Maybe it is marked as "async".
Instead of performing asynchronous work inside a call to setState(), first execute the work (without updating the widget state), and then synchronously update the state inside a call to setState().
dart-sdk/lib/_internal/js_dev_runtime/private/ddc_runtime/errors.dart 274:3    throw_
package:flutter/src/widgets/framework.dart 1202:9                              <fn>
package:flutter/src/widgets/framework.dart 1217:14                             setState
package:cricpro_flutter/screens/match_details/match_details_screen.dart 60:22  <fn>
dart-sdk/lib/_internal/js_dev_runtime/private/isolate_helper.dart 81:9         <fn>
DartError: setState() callback argument returned a Future.
The setState() method on _MatchDetailsScreenState#5cff1 was called with a closure or method that returned a Future. Maybe it is marked as "async".
Instead of performing asynchronous work inside a call to setState(), first execute the work (without updating the widget state), and then synchronously update the state inside a call to setState().
dart-sdk/lib/_internal/js_dev_runtime/private/ddc_runtime/errors.dart 274:3    throw_
package:flutter/src/widgets/framework.dart 1202:9                              <fn>
package:flutter/src/widgets/framework.dart 1217:14                             setState
package:cricpro_flutter/screens/match_details/match_details_screen.dart 66:22  <fn>
dart-sdk/lib/_internal/js_dev_runtime/private/isolate_helper.dart 81:9         <fn>
DartError: setState() callback argument returned a Future.
The setState() method on _MatchDetailsScreenState#5cff1 was called with a closure or method that returned a Future. Maybe it is marked as "async".
Instead of performing asynchronous work inside a call to setState(), first execute the work (without updating the widget state), and then synchronously update the state inside a call to setState().
dart-sdk/lib/_internal/js_dev_runtime/private/ddc_runtime/errors.dart 274:3    throw_
package:flutter/src/widgets/framework.dart 1202:9                              <fn>
package:flutter/src/widgets/framework.dart 1217:14                             setState
package:cricpro_flutter/screens/match_details/match_details_screen.dart 60:22  <fn>
dart-sdk/lib/_internal/js_dev_runtime/private/isolate_helper.dart 81:9         <fn>
DartError: setState() callback argument returned a Future.
The setState() method on _MatchDetailsScreenState#5cff1 was called with a closure or method that returned a Future. Maybe it is marked as "async".
Instead of performing asynchronous work inside a call to setState(), first execute the work (without updating the widget state), and then synchronously update the state inside a call to setState().
dart-sdk/lib/_internal/js_dev_runtime/private/ddc_runtime/errors.dart 274:3    throw_
package:flutter/src/widgets/framework.dart 1202:9                              <fn>
package:flutter/src/widgets/framework.dart 1217:14                             setState
package:cricpro_flutter/screens/match_details/match_details_screen.dart 60:22  <fn>
dart-sdk/lib/_internal/js_dev_runtime/private/isolate_helper.dart 81:9         <fn>
DartError: setState() callback argument returned a Future.
The setState() method on _MatchDetailsScreenState#5cff1 was called with a closure or method that returned a Future. Maybe it is marked as "async".
Instead of performing asynchronous work inside a call to setState(), first execute the work (without updating the widget state), and then synchronously update the state inside a call to setState().
dart-sdk/lib/_internal/js_dev_runtime/private/ddc_runtime/errors.dart 274:3    throw_
package:flutter/src/widgets/framework.dart 1202:9                              <fn>
package:flutter/src/widgets/framework.dart 1217:14                             setState
package:cricpro_flutter/screens/match_details/match_details_screen.dart 60:22  <fn>
dart-sdk/lib/_internal/js_dev_runtime/private/isolate_helper.dart 81:9         <fn>
DartError: setState() callback argument returned a Future.
The setState() method on _MatchDetailsScreenState#5cff1 was called with a closure or method that returned a Future. Maybe it is marked as "async".
Instead of performing asynchronous work inside a call to setState(), first execute the work (without updating the widget state), and then synchronously update the state inside a call to setState().
dart-sdk/lib/_internal/js_dev_runtime/private/ddc_runtime/errors.dart 274:3    throw_
package:flutter/src/widgets/framework.dart 1202:9                              <fn>
package:flutter/src/widgets/framework.dart 1217:14                             setState
package:cricpro_flutter/screens/match_details/match_details_screen.dart 66:22  <fn>
dart-sdk/lib/_internal/js_dev_runtime/private/isolate_helper.dart 81:9         <fn>
Starting application from main method in: org-dartlang-app:/web_entrypoint.dart.
MATCH_DETAIL score team1=74/4 (12.2 OV)
MATCH_DETAIL score team2=
MATCH_DETAIL hero leftScore=74/4 (12.2 OV) rightScore=Yet to bat
MATCH_DETAIL score team1=74/4 (12.2 OV)
MATCH_DETAIL score team2=
MATCH_DETAIL hero leftScore=74/4 (12.2 OV) rightScore=Yet to bat
DartError: setState() callback argument returned a Future.
The setState() method on _MatchDetailsScreenState#b0c84 was called with a closure or method that returned a Future. Maybe it is marked as "async".
Instead of performing asynchronous work inside a call to setState(), first execute the work (without updating the widget state), and then synchronously update the state inside a call to setState().
dart-sdk/lib/_internal/js_dev_runtime/private/ddc_runtime/errors.dart 274:3    throw_
package:flutter/src/widgets/framework.dart 1202:9                              <fn>
package:flutter/src/widgets/framework.dart 1217:14                             setState
package:cricpro_flutter/screens/match_details/match_details_screen.dart 60:22  <fn>
dart-sdk/lib/_internal/js_dev_runtime/private/isolate_helper.dart 81:9         <fn>
DartError: setState() callback argument returned a Future.
The setState() method on _MatchDetailsScreenState#b0c84 was called with a closure or method that returned a Future. Maybe it is marked as "async".
Instead of performing asynchronous work inside a call to setState(), first execute the work (without updating the widget state), and then synchronously update the state inside a call to setState().
dart-sdk/lib/_internal/js_dev_runtime/private/ddc_runtime/errors.dart 274:3    throw_
package:flutter/src/widgets/framework.dart 1202:9                              <fn>
package:flutter/src/widgets/framework.dart 1217:14                             setState
package:cricpro_flutter/screens/match_details/match_details_screen.dart 60:22  <fn>
dart-sdk/lib/_internal/js_dev_runtime/private/isolate_helper.dart 81:9         <fn>
DartError: setState() callback argument returned a Future.
The setState() method on _MatchDetailsScreenState#b0c84 was called with a closure or method that returned a Future. Maybe it is marked as "async".
Instead of performing asynchronous work inside a call to setState(), first execute the work (without updating the widget state), and then synchronously update the state inside a call to setState().
dart-sdk/lib/_internal/js_dev_runtime/private/ddc_runtime/errors.dart 274:3    throw_
package:flutter/src/widgets/framework.dart 1202:9                              <fn>
package:flutter/src/widgets/framework.dart 1217:14                             setState
package:cricpro_flutter/screens/match_details/match_details_screen.dart 66:22  <fn>
dart-sdk/lib/_internal/js_dev_runtime/private/isolate_helper.dart 81:9         <fn>
DartError: setState() callback argument returned a Future.
The setState() method on _MatchDetailsScreenState#b0c84 was called with a closure or method that returned a Future. Maybe it is marked as "async".
Instead of performing asynchronous work inside a call to setState(), first execute the work (without updating the widget state), and then synchronously update the state inside a call to setState().
dart-sdk/lib/_internal/js_dev_runtime/private/ddc_runtime/errors.dart 274:3    throw_
package:flutter/src/widgets/framework.dart 1202:9                              <fn>
package:flutter/src/widgets/framework.dart 1217:14                             setState
package:cricpro_flutter/screens/match_details/match_details_screen.dart 60:22  <fn>
dart-sdk/lib/_internal/js_dev_runtime/private/isolate_helper.dart 81:9         <fn>
DartError: setState() callback argument returned a Future.
The setState() method on _MatchDetailsScreenState#b0c84 was called with a closure or method that returned a Future. Maybe it is marked as "async".
Instead of performing asynchronous work inside a call to setState(), first execute the work (without updating the widget state), and then synchronously update the state inside a call to setState().
dart-sdk/lib/_internal/js_dev_runtime/private/ddc_runtime/errors.dart 274:3    throw_
package:flutter/src/widgets/framework.dart 1202:9                              <fn>
package:flutter/src/widgets/framework.dart 1217:14                             setState
package:cricpro_flutter/screens/match_details/match_details_screen.dart 60:22  <fn>
dart-sdk/lib/_internal/js_dev_runtime/private/isolate_helper.dart 81:9         <fn>
DartError: setState() callback argument returned a Future.
The setState() method on _MatchDetailsScreenState#b0c84 was called with a closure or method that returned a Future. Maybe it is marked as "async".
Instead of performing asynchronous work inside a call to setState(), first execute the work (without updating the widget state), and then synchronously update the state inside a call to setState().
dart-sdk/lib/_internal/js_dev_runtime/private/ddc_runtime/errors.dart 274:3    throw_
package:flutter/src/widgets/framework.dart 1202:9                              <fn>
package:flutter/src/widgets/framework.dart 1217:14                             setState
package:cricpro_flutter/screens/match_details/match_details_screen.dart 60:22  <fn>
dart-sdk/lib/_internal/js_dev_runtime/private/isolate_helper.dart 81:9         <fn>
DartError: setState() callback argument returned a Future.
The setState() method on _MatchDetailsScreenState#b0c84 was called with a closure or method that returned a Future. Maybe it is marked as "async".
Instead of performing asynchronous work inside a call to setState(), first execute the work (without updating the widget state), and then synchronously update the state inside a call to setState().
dart-sdk/lib/_internal/js_dev_runtime/private/ddc_runtime/errors.dart 274:3    throw_
package:flutter/src/widgets/framework.dart 1202:9                              <fn>
package:flutter/src/widgets/framework.dart 1217:14                             setState
package:cricpro_flutter/screens/match_details/match_details_screen.dart 66:22  <fn>
dart-sdk/lib/_internal/js_dev_runtime/private/isolate_helper.dart 81:9         <fn>
DartError: setState() callback argument returned a Future.
The setState() method on _MatchDetailsScreenState#b0c84 was called with a closure or method that returned a Future. Maybe it is marked as "async".
Instead of performing asynchronous work inside a call to setState(), first execute the work (without updating the widget state), and then synchronously update the state inside a call to setState().
dart-sdk/lib/_internal/js_dev_runtime/private/ddc_runtime/errors.dart 274:3    throw_
package:flutter/src/widgets/framework.dart 1202:9                              <fn>
package:flutter/src/widgets/framework.dart 1217:14                             setState
package:cricpro_flutter/screens/match_details/match_details_screen.dart 60:22  <fn>
dart-sdk/lib/_internal/js_dev_runtime/private/isolate_helper.dart 81:9         <fn>
DartError: setState() callback argument returned a Future.
The setState() method on _MatchDetailsScreenState#b0c84 was called with a closure or method that returned a Future. Maybe it is marked as "async".
Instead of performing asynchronous work inside a call to setState(), first execute the work (without updating the widget state), and then synchronously update the state inside a call to setState().
dart-sdk/lib/_internal/js_dev_runtime/private/ddc_runtime/errors.dart 274:3    throw_
package:flutter/src/widgets/framework.dart 1202:9                              <fn>
package:flutter/src/widgets/framework.dart 1217:14                             setState
package:cricpro_flutter/screens/match_details/match_details_screen.dart 60:22  <fn>
dart-sdk/lib/_internal/js_dev_runtime/private/isolate_helper.dart 81:9         <fn>
DartError: setState() callback argument returned a Future.
The setState() method on _MatchDetailsScreenState#b0c84 was called with a closure or method that returned a Future. Maybe it is marked as "async".
Instead of performing asynchronous work inside a call to setState(), first execute the work (without updating the widget state), and then synchronously update the state inside a call to setState().
dart-sdk/lib/_internal/js_dev_runtime/private/ddc_runtime/errors.dart 274:3    throw_
package:flutter/src/widgets/framework.dart 1202:9                              <fn>
package:flutter/src/widgets/framework.dart 1217:14                             setState
package:cricpro_flutter/screens/match_details/match_details_screen.dart 66:22  <fn>
dart-sdk/lib/_internal/js_dev_runtime/private/isolate_helper.dart 81:9         <fn>
DartError: setState() callback argument returned a Future.
The setState() method on _MatchDetailsScreenState#b0c84 was called with a closure or method that returned a Future. Maybe it is marked as "async".
Instead of performing asynchronous work inside a call to setState(), first execute the work (without updating the widget state), and then synchronously update the state inside a call to setState().
dart-sdk/lib/_internal/js_dev_runtime/private/ddc_runtime/errors.dart 274:3    throw_
package:flutter/src/widgets/framework.dart 1202:9                              <fn>
package:flutter/src/widgets/framework.dart 1217:14                             setState
package:cricpro_flutter/screens/match_details/match_details_screen.dart 60:22  <fn>
dart-sdk/lib/_internal/js_dev_runtime/private/isolate_helper.dart 81:9         <fn>
DartError: setState() callback argument returned a Future.
The setState() method on _MatchDetailsScreenState#b0c84 was called with a closure or method that returned a Future. Maybe it is marked as "async".
Instead of performing asynchronous work inside a call to setState(), first execute the work (without updating the widget state), and then synchronously update the state inside a call to setState().
dart-sdk/lib/_internal/js_dev_runtime/private/ddc_runtime/errors.dart 274:3    throw_
package:flutter/src/widgets/framework.dart 1202:9                              <fn>
package:flutter/src/widgets/framework.dart 1217:14                             setState
package:cricpro_flutter/screens/match_details/match_details_screen.dart 60:22  <fn>
dart-sdk/lib/_internal/js_dev_runtime/private/isolate_helper.dart 81:9         <fn>
DartError: setState() callback argument returned a Future.
The setState() method on _MatchDetailsScreenState#b0c84 was called with a closure or method that returned a Future. Maybe it is marked as "async".
Instead of performing asynchronous work inside a call to setState(), first execute the work (without updating the widget state), and then synchronously update the state inside a call to setState().
dart-sdk/lib/_internal/js_dev_runtime/private/ddc_runtime/errors.dart 274:3    throw_
package:flutter/src/widgets/framework.dart 1202:9                              <fn>
package:flutter/src/widgets/framework.dart 1217:14                             setState
package:cricpro_flutter/screens/match_details/match_details_screen.dart 60:22  <fn>
dart-sdk/lib/_internal/js_dev_runtime/private/isolate_helper.dart 81:9         <fn>
DartError: setState() callback argument returned a Future.
The setState() method on _MatchDetailsScreenState#b0c84 was called with a closure or method that returned a Future. Maybe it is marked as "async".
Instead of performing asynchronous work inside a call to setState(), first execute the work (without updating the widget state), and then synchronously update the state inside a call to setState().
dart-sdk/lib/_internal/js_dev_runtime/private/ddc_runtime/errors.dart 274:3    throw_
package:flutter/src/widgets/framework.dart 1202:9                              <fn>
package:flutter/src/widgets/framework.dart 1217:14                             setState
package:cricpro_flutter/screens/match_details/match_details_screen.dart 66:22  <fn>
dart-sdk/lib/_internal/js_dev_runtime/private/isolate_helper.dart 81:9         <fn>
DartError: setState() callback argument returned a Future.
The setState() method on _MatchDetailsScreenState#b0c84 was called with a closure or method that returned a Future. Maybe it is marked as "async".
Instead of performing asynchronous work inside a call to setState(), first execute the work (without updating the widget state), and then synchronously update the state inside a call to setState().
dart-sdk/lib/_internal/js_dev_runtime/private/ddc_runtime/errors.dart 274:3    throw_
package:flutter/src/widgets/framework.dart 1202:9                              <fn>
package:flutter/src/widgets/framework.dart 1217:14                             setState
package:cricpro_flutter/screens/match_details/match_details_screen.dart 60:22  <fn>
dart-sdk/lib/_internal/js_dev_runtime/private/isolate_helper.dart 81:9         <fn>
DartError: setState() callback argument returned a Future.
The setState() method on _MatchDetailsScreenState#b0c84 was called with a closure or method that returned a Future. Maybe it is marked as "async".
Instead of performing asynchronous work inside a call to setState(), first execute the work (without updating the widget state), and then synchronously update the state inside a call to setState().
dart-sdk/lib/_internal/js_dev_runtime/private/ddc_runtime/errors.dart 274:3    throw_
package:flutter/src/widgets/framework.dart 1202:9                              <fn>
package:flutter/src/widgets/framework.dart 1217:14                             setState
package:cricpro_flutter/screens/match_details/match_details_screen.dart 60:22  <fn>
dart-sdk/lib/_internal/js_dev_runtime/private/isolate_helper.dart 81:9         <fn>
DartError: setState() callback argument returned a Future.
The setState() method on _MatchDetailsScreenState#b0c84 was called with a closure or method that returned a Future. Maybe it is marked as "async".
Instead of performing asynchronous work inside a call to setState(), first execute the work (without updating the widget state), and then synchronously update the state inside a call to setState().
dart-sdk/lib/_internal/js_dev_runtime/private/ddc_runtime/errors.dart 274:3    throw_
package:flutter/src/widgets/framework.dart 1202:9                              <fn>
package:flutter/src/widgets/framework.dart 1217:14                             setState
package:cricpro_flutter/screens/match_details/match_details_screen.dart 66:22  <fn>
dart-sdk/lib/_internal/js_dev_runtime/private/isolate_helper.dart 81:9         <fn>
DartError: setState() callback argument returned a Future.
The setState() method on _MatchDetailsScreenState#b0c84 was called with a closure or method that returned a Future. Maybe it is marked as "async".
Instead of performing asynchronous work inside a call to setState(), first execute the work (without updating the widget state), and then synchronously update the state inside a call to setState().
dart-sdk/lib/_internal/js_dev_runtime/private/ddc_runtime/errors.dart 274:3    throw_
package:flutter/src/widgets/framework.dart 1202:9                              <fn>
package:flutter/src/widgets/framework.dart 1217:14                             setState
package:cricpro_flutter/screens/match_details/match_details_screen.dart 60:22  <fn>
dart-sdk/lib/_internal/js_dev_runtime/private/isolate_helper.dart 81:9         <fn>
DartError: setState() callback argument returned a Future.
The setState() method on _MatchDetailsScreenState#b0c84 was called with a closure or method that returned a Future. Maybe it is marked as "async".
Instead of performing asynchronous work inside a call to setState(), first execute the work (without updating the widget state), and then synchronously update the state inside a call to setState().
dart-sdk/lib/_internal/js_dev_runtime/private/ddc_runtime/errors.dart 274:3    throw_
package:flutter/src/widgets/framework.dart 1202:9                              <fn>
package:flutter/src/widgets/framework.dart 1217:14                             setState
package:cricpro_flutter/screens/match_details/match_details_screen.dart 60:22  <fn>
dart-sdk/lib/_internal/js_dev_runtime/private/isolate_helper.dart 81:9         <fn>
DartError: setState() callback argument returned a Future.
The setState() method on _MatchDetailsScreenState#b0c84 was called with a closure or method that returned a Future. Maybe it is marked as "async".
Instead of performing asynchronous work inside a call to setState(), first execute the work (without updating the widget state), and then synchronously update the state inside a call to setState().
dart-sdk/lib/_internal/js_dev_runtime/private/ddc_runtime/errors.dart 274:3    throw_
package:flutter/src/widgets/framework.dart 1202:9                              <fn>
package:flutter/src/widgets/framework.dart 1217:14                             setState
package:cricpro_flutter/screens/match_details/match_details_screen.dart 60:22  <fn>
dart-sdk/lib/_internal/js_dev_runtime/private/isolate_helper.dart 81:9         <fn>
DartError: setState() callback argument returned a Future.
The setState() method on _MatchDetailsScreenState#b0c84 was called with a closure or method that returned a Future. Maybe it is marked as "async".
Instead of performing asynchronous work inside a call to setState(), first execute the work (without updating the widget state), and then synchronously update the state inside a call to setState().
dart-sdk/lib/_internal/js_dev_runtime/private/ddc_runtime/errors.dart 274:3    throw_
package:flutter/src/widgets/framework.dart 1202:9                              <fn>
package:flutter/src/widgets/framework.dart 1217:14                             setState
package:cricpro_flutter/screens/match_details/match_details_screen.dart 66:22  <fn>
dart-sdk/lib/_internal/js_dev_runtime/private/isolate_helper.dart 81:9         <fn>
DartError: setState() callback argument returned a Future.
The setState() method on _MatchDetailsScreenState#b0c84 was called with a closure or method that returned a Future. Maybe it is marked as "async".
Instead of performing asynchronous work inside a call to setState(), first execute the work (without updating the widget state), and then synchronously update the state inside a call to setState().
dart-sdk/lib/_internal/js_dev_runtime/private/ddc_runtime/errors.dart 274:3    throw_
package:flutter/src/widgets/framework.dart 1202:9                              <fn>
package:flutter/src/widgets/framework.dart 1217:14                             setState
package:cricpro_flutter/screens/match_details/match_details_screen.dart 60:22  <fn>
dart-sdk/lib/_internal/js_dev_runtime/private/isolate_helper.dart 81:9         <fn>
DartError: setState() callback argument returned a Future.
The setState() method on _MatchDetailsScreenState#b0c84 was called with a closure or method that returned a Future. Maybe it is marked as "async".
Instead of performing asynchronous work inside a call to setState(), first execute the work (without updating the widget state), and then synchronously update the state inside a call to setState().
dart-sdk/lib/_internal/js_dev_runtime/private/ddc_runtime/errors.dart 274:3    throw_
package:flutter/src/widgets/framework.dart 1202:9                              <fn>
package:flutter/src/widgets/framework.dart 1217:14                             setState
package:cricpro_flutter/screens/match_details/match_details_screen.dart 60:22  <fn>
dart-sdk/lib/_internal/js_dev_runtime/private/isolate_helper.dart 81:9         <fn>
DartError: setState() callback argument returned a Future.
The setState() method on _MatchDetailsScreenState#b0c84 was called with a closure or method that returned a Future. Maybe it is marked as "async".
Instead of performing asynchronous work inside a call to setState(), first execute the work (without updating the widget state), and then synchronously update the state inside a call to setState().
dart-sdk/lib/_internal/js_dev_runtime/private/ddc_runtime/errors.dart 274:3    throw_
package:flutter/src/widgets/framework.dart 1202:9                              <fn>
package:flutter/src/widgets/framework.dart 1217:14                             setState
package:cricpro_flutter/screens/match_details/match_details_screen.dart 66:22  <fn>
dart-sdk/lib/_internal/js_dev_runtime/private/isolate_helper.dart 81:9         <fn>
DartError: setState() callback argument returned a Future.
The setState() method on _MatchDetailsScreenState#b0c84 was called with a closure or method that returned a Future. Maybe it is marked as "async".
Instead of performing asynchronous work inside a call to setState(), first execute the work (without updating the widget state), and then synchronously update the state inside a call to setState().
dart-sdk/lib/_internal/js_dev_runtime/private/ddc_runtime/errors.dart 274:3    throw_
package:flutter/src/widgets/framework.dart 1202:9                              <fn>
package:flutter/src/widgets/framework.dart 1217:14                             setState
package:cricpro_flutter/screens/match_details/match_details_screen.dart 60:22  <fn>
dart-sdk/lib/_internal/js_dev_runtime/private/isolate_helper.dart 81:9         <fn>
DartError: setState() callback argument returned a Future.
The setState() method on _MatchDetailsScreenState#b0c84 was called with a closure or method that returned a Future. Maybe it is marked as "async".
Instead of performing asynchronous work inside a call to setState(), first execute the work (without updating the widget state), and then synchronously update the state inside a call to setState().
dart-sdk/lib/_internal/js_dev_runtime/private/ddc_runtime/errors.dart 274:3    throw_
package:flutter/src/widgets/framework.dart 1202:9                              <fn>
package:flutter/src/widgets/framework.dart 1217:14                             setState
package:cricpro_flutter/screens/match_details/match_details_screen.dart 60:22  <fn>
dart-sdk/lib/_internal/js_dev_runtime/private/isolate_helper.dart 81:9         <fn>
DartError: setState() callback argument returned a Future.
The setState() method on _MatchDetailsScreenState#b0c84 was called with a closure or method that returned a Future. Maybe it is marked as "async".
Instead of performing asynchronous work inside a call to setState(), first execute the work (without updating the widget state), and then synchronously update the state inside a call to setState().
dart-sdk/lib/_internal/js_dev_runtime/private/ddc_runtime/errors.dart 274:3    throw_
package:flutter/src/widgets/framework.dart 1202:9                              <fn>
package:flutter/src/widgets/framework.dart 1217:14                             setState
package:cricpro_flutter/screens/match_details/match_details_screen.dart 60:22  <fn>
dart-sdk/lib/_internal/js_dev_runtime/private/isolate_helper.dart 81:9         <fn>
DartError: setState() callback argument returned a Future.
The setState() method on _MatchDetailsScreenState#b0c84 was called with a closure or method that returned a Future. Maybe it is marked as "async".
Instead of performing asynchronous work inside a call to setState(), first execute the work (without updating the widget state), and then synchronously update the state inside a call to setState().
dart-sdk/lib/_internal/js_dev_runtime/private/ddc_runtime/errors.dart 274:3    throw_
package:flutter/src/widgets/framework.dart 1202:9                              <fn>
package:flutter/src/widgets/framework.dart 1217:14                             setState
package:cricpro_flutter/screens/match_details/match_details_screen.dart 66:22  <fn>
dart-sdk/lib/_internal/js_dev_runtime/private/isolate_helper.dart 81:9         <fn>
DartError: setState() callback argument returned a Future.
The setState() method on _MatchDetailsScreenState#b0c84 was called with a closure or method that returned a Future. Maybe it is marked as "async".
Instead of performing asynchronous work inside a call to setState(), first execute the work (without updating the widget state), and then synchronously update the state inside a call to setState().
dart-sdk/lib/_internal/js_dev_runtime/private/ddc_runtime/errors.dart 274:3    throw_
package:flutter/src/widgets/framework.dart 1202:9                              <fn>
package:flutter/src/widgets/framework.dart 1217:14                             setState
package:cricpro_flutter/screens/match_details/match_details_screen.dart 60:22  <fn>
dart-sdk/lib/_internal/js_dev_runtime/private/isolate_helper.dart 81:9         <fn>
DartError: setState() callback argument returned a Future.
The setState() method on _MatchDetailsScreenState#b0c84 was called with a closure or method that returned a Future. Maybe it is marked as "async".
Instead of performing asynchronous work inside a call to setState(), first execute the work (without updating the widget state), and then synchronously update the state inside a call to setState().
dart-sdk/lib/_internal/js_dev_runtime/private/ddc_runtime/errors.dart 274:3    throw_
package:flutter/src/widgets/framework.dart 1202:9                              <fn>
package:flutter/src/widgets/framework.dart 1217:14                             setState
package:cricpro_flutter/screens/match_details/match_details_screen.dart 60:22  <fn>
dart-sdk/lib/_internal/js_dev_runtime/private/isolate_helper.dart 81:9         <fn>
DartError: setState() callback argument returned a Future.
The setState() method on _MatchDetailsScreenState#b0c84 was called with a closure or method that returned a Future. Maybe it is marked as "async".
Instead of performing asynchronous work inside a call to setState(), first execute the work (without updating the widget state), and then synchronously update the state inside a call to setState().
dart-sdk/lib/_internal/js_dev_runtime/private/ddc_runtime/errors.dart 274:3    throw_
package:flutter/src/widgets/framework.dart 1202:9                              <fn>
package:flutter/src/widgets/framework.dart 1217:14                             setState
package:cricpro_flutter/screens/match_details/match_details_screen.dart 66:22  <fn>
dart-sdk/lib/_internal/js_dev_runtime/private/isolate_helper.dart 81:9         <fn>
DartError: setState() callback argument returned a Future.
The setState() method on _MatchDetailsScreenState#b0c84 was called with a closure or method that returned a Future. Maybe it is marked as "async".
Instead of performing asynchronous work inside a call to setState(), first execute the work (without updating the widget state), and then synchronously update the state inside a call to setState().
dart-sdk/lib/_internal/js_dev_runtime/private/ddc_runtime/errors.dart 274:3    throw_
package:flutter/src/widgets/framework.dart 1202:9                              <fn>
package:flutter/src/widgets/framework.dart 1217:14                             setState
package:cricpro_flutter/screens/match_details/match_details_screen.dart 60:22  <fn>
dart-sdk/lib/_internal/js_dev_runtime/private/isolate_helper.dart 81:9         <fn>
DartError: setState() callback argument returned a Future.
The setState() method on _MatchDetailsScreenState#b0c84 was called with a closure or method that returned a Future. Maybe it is marked as "async".
Instead of performing asynchronous work inside a call to setState(), first execute the work (without updating the widget state), and then synchronously update the state inside a call to setState().
dart-sdk/lib/_internal/js_dev_runtime/private/ddc_runtime/errors.dart 274:3    throw_
package:flutter/src/widgets/framework.dart 1202:9                              <fn>
package:flutter/src/widgets/framework.dart 1217:14                             setState
package:cricpro_flutter/screens/match_details/match_details_screen.dart 60:22  <fn>
dart-sdk/lib/_internal/js_dev_runtime/private/isolate_helper.dart 81:9         <fn>
DartError: setState() callback argument returned a Future.
The setState() method on _MatchDetailsScreenState#b0c84 was called with a closure or method that returned a Future. Maybe it is marked as "async".
Instead of performing asynchronous work inside a call to setState(), first execute the work (without updating the widget state), and then synchronously update the state inside a call to setState().
dart-sdk/lib/_internal/js_dev_runtime/private/ddc_runtime/errors.dart 274:3    throw_
package:flutter/src/widgets/framework.dart 1202:9                              <fn>
package:flutter/src/widgets/framework.dart 1217:14                             setState
package:cricpro_flutter/screens/match_details/match_details_screen.dart 60:22  <fn>
dart-sdk/lib/_internal/js_dev_runtime/private/isolate_helper.dart 81:9         <fn>
DartError: setState() callback argument returned a Future.
The setState() method on _MatchDetailsScreenState#b0c84 was called with a closure or method that returned a Future. Maybe it is marked as "async".
Instead of performing asynchronous work inside a call to setState(), first execute the work (without updating the widget state), and then synchronously update the state inside a call to setState().
dart-sdk/lib/_internal/js_dev_runtime/private/ddc_runtime/errors.dart 274:3    throw_
package:flutter/src/widgets/framework.dart 1202:9                              <fn>
package:flutter/src/widgets/framework.dart 1217:14                             setState
package:cricpro_flutter/screens/match_details/match_details_screen.dart 66:22  <fn>
dart-sdk/lib/_internal/js_dev_runtime/private/isolate_helper.dart 81:9         <fn>
DartError: setState() callback argument returned a Future.
The setState() method on _MatchDetailsScreenState#b0c84 was called with a closure or method that returned a Future. Maybe it is marked as "async".
Instead of performing asynchronous work inside a call to setState(), first execute the work (without updating the widget state), and then synchronously update the state inside a call to setState().
dart-sdk/lib/_internal/js_dev_runtime/private/ddc_runtime/errors.dart 274:3    throw_
package:flutter/src/widgets/framework.dart 1202:9                              <fn>
package:flutter/src/widgets/framework.dart 1217:14                             setState
package:cricpro_flutter/screens/match_details/match_details_screen.dart 60:22  <fn>
dart-sdk/lib/_internal/js_dev_runtime/private/isolate_helper.dart 81:9         <fn>
DartError: setState() callback argument returned a Future.
The setState() method on _MatchDetailsScreenState#b0c84 was called with a closure or method that returned a Future. Maybe it is marked as "async".
Instead of performing asynchronous work inside a call to setState(), first execute the work (without updating the widget state), and then synchronously update the state inside a call to setState().
dart-sdk/lib/_internal/js_dev_runtime/private/ddc_runtime/errors.dart 274:3    throw_
package:flutter/src/widgets/framework.dart 1202:9                              <fn>
package:flutter/src/widgets/framework.dart 1217:14                             setState
package:cricpro_flutter/screens/match_details/match_details_screen.dart 60:22  <fn>
dart-sdk/lib/_internal/js_dev_runtime/private/isolate_helper.dart 81:9         <fn>
DartError: setState() callback argument returned a Future.
The setState() method on _MatchDetailsScreenState#b0c84 was called with a closure or method that returned a Future. Maybe it is marked as "async".
Instead of performing asynchronous work inside a call to setState(), first execute the work (without updating the widget state), and then synchronously update the state inside a call to setState().
dart-sdk/lib/_internal/js_dev_runtime/private/ddc_runtime/errors.dart 274:3    throw_
package:flutter/src/widgets/framework.dart 1202:9                              <fn>
package:flutter/src/widgets/framework.dart 1217:14                             setState
package:cricpro_flutter/screens/match_details/match_details_screen.dart 66:22  <fn>
dart-sdk/lib/_internal/js_dev_runtime/private/isolate_helper.dart 81:9         <fn>
DartError: setState() callback argument returned a Future.
The setState() method on _MatchDetailsScreenState#b0c84 was called with a closure or method that returned a Future. Maybe it is marked as "async".
Instead of performing asynchronous work inside a call to setState(), first execute the work (without updating the widget state), and then synchronously update the state inside a call to setState().
dart-sdk/lib/_internal/js_dev_runtime/private/ddc_runtime/errors.dart 274:3    throw_
package:flutter/src/widgets/framework.dart 1202:9                              <fn>
package:flutter/src/widgets/framework.dart 1217:14                             setState
package:cricpro_flutter/screens/match_details/match_details_screen.dart 60:22  <fn>
dart-sdk/lib/_internal/js_dev_runtime/private/isolate_helper.dart 81:9         <fn>
DartError: setState() callback argument returned a Future.
The setState() method on _MatchDetailsScreenState#b0c84 was called with a closure or method that returned a Future. Maybe it is marked as "async".
Instead of performing asynchronous work inside a call to setState(), first execute the work (without updating the widget state), and then synchronously update the state inside a call to setState().
dart-sdk/lib/_internal/js_dev_runtime/private/ddc_runtime/errors.dart 274:3    throw_
package:flutter/src/widgets/framework.dart 1202:9                              <fn>
package:flutter/src/widgets/framework.dart 1217:14                             setState
package:cricpro_flutter/screens/match_details/match_details_screen.dart 60:22  <fn>
dart-sdk/lib/_internal/js_dev_runtime/private/isolate_helper.dart 81:9         <fn>
DartError: setState() callback argument returned a Future.
The setState() method on _MatchDetailsScreenState#b0c84 was called with a closure or method that returned a Future. Maybe it is marked as "async".
Instead of performing asynchronous work inside a call to setState(), first execute the work (without updating the widget state), and then synchronously update the state inside a call to setState().
dart-sdk/lib/_internal/js_dev_runtime/private/ddc_runtime/errors.dart 274:3    throw_
package:flutter/src/widgets/framework.dart 1202:9                              <fn>
package:flutter/src/widgets/framework.dart 1217:14                             setState
package:cricpro_flutter/screens/match_details/match_details_screen.dart 60:22  <fn>
dart-sdk/lib/_internal/js_dev_runtime/private/isolate_helper.dart 81:9         <fn>
DartError: setState() callback argument returned a Future.
The setState() method on _MatchDetailsScreenState#b0c84 was called with a closure or method that returned a Future. Maybe it is marked as "async".
Instead of performing asynchronous work inside a call to setState(), first execute the work (without updating the widget state), and then synchronously update the state inside a call to setState().
dart-sdk/lib/_internal/js_dev_runtime/private/ddc_runtime/errors.dart 274:3    throw_
package:flutter/src/widgets/framework.dart 1202:9                              <fn>
package:flutter/src/widgets/framework.dart 1217:14                             setState
package:cricpro_flutter/screens/match_details/match_details_screen.dart 66:22  <fn>
dart-sdk/lib/_internal/js_dev_runtime/private/isolate_helper.dart 81:9         <fn>
DartError: setState() callback argument returned a Future.
The setState() method on _MatchDetailsScreenState#b0c84 was called with a closure or method that returned a Future. Maybe it is marked as "async".
Instead of performing asynchronous work inside a call to setState(), first execute the work (without updating the widget state), and then synchronously update the state inside a call to setState().
dart-sdk/lib/_internal/js_dev_runtime/private/ddc_runtime/errors.dart 274:3    throw_
package:flutter/src/widgets/framework.dart 1202:9                              <fn>
package:flutter/src/widgets/framework.dart 1217:14                             setState
package:cricpro_flutter/screens/match_details/match_details_screen.dart 60:22  <fn>
dart-sdk/lib/_internal/js_dev_runtime/private/isolate_helper.dart 81:9         <fn>
DartError: setState() callback argument returned a Future.
The setState() method on _MatchDetailsScreenState#b0c84 was called with a closure or method that returned a Future. Maybe it is marked as "async".
Instead of performing asynchronous work inside a call to setState(), first execute the work (without updating the widget state), and then synchronously update the state inside a call to setState().
dart-sdk/lib/_internal/js_dev_runtime/private/ddc_runtime/errors.dart 274:3    throw_
package:flutter/src/widgets/framework.dart 1202:9                              <fn>
package:flutter/src/widgets/framework.dart 1217:14                             setState
package:cricpro_flutter/screens/match_details/match_details_screen.dart 60:22  <fn>
dart-sdk/lib/_internal/js_dev_runtime/private/isolate_helper.dart 81:9         <fn>
DartError: setState() callback argument returned a Future.
The setState() method on _MatchDetailsScreenState#b0c84 was called with a closure or method that returned a Future. Maybe it is marked as "async".
Instead of performing asynchronous work inside a call to setState(), first execute the work (without updating the widget state), and then synchronously update the state inside a call to setState().
dart-sdk/lib/_internal/js_dev_runtime/private/ddc_runtime/errors.dart 274:3    throw_
package:flutter/src/widgets/framework.dart 1202:9                              <fn>
package:flutter/src/widgets/framework.dart 1217:14                             setState
package:cricpro_flutter/screens/match_details/match_details_screen.dart 66:22  <fn>
dart-sdk/lib/_internal/js_dev_runtime/private/isolate_helper.dart 81:9         <fn>
DartError: setState() callback argument returned a Future.
The setState() method on _MatchDetailsScreenState#b0c84 was called with a closure or method that returned a Future. Maybe it is marked as "async".
Instead of performing asynchronous work inside a call to setState(), first execute the work (without updating the widget state), and then synchronously update the state inside a call to setState().
dart-sdk/lib/_internal/js_dev_runtime/private/ddc_runtime/errors.dart 274:3    throw_
package:flutter/src/widgets/framework.dart 1202:9                              <fn>
package:flutter/src/widgets/framework.dart 1217:14                             setState
package:cricpro_flutter/screens/match_details/match_details_screen.dart 60:22  <fn>
dart-sdk/lib/_internal/js_dev_runtime/private/isolate_helper.dart 81:9         <fn>
DartError: setState() callback argument returned a Future.
The setState() method on _MatchDetailsScreenState#b0c84 was called with a closure or method that returned a Future. Maybe it is marked as "async".
Instead of performing asynchronous work inside a call to setState(), first execute the work (without updating the widget state), and then synchronously update the state inside a call to setState().
dart-sdk/lib/_internal/js_dev_runtime/private/ddc_runtime/errors.dart 274:3    throw_
package:flutter/src/widgets/framework.dart 1202:9                              <fn>
package:flutter/src/widgets/framework.dart 1217:14                             setState
package:cricpro_flutter/screens/match_details/match_details_screen.dart 60:22  <fn>
dart-sdk/lib/_internal/js_dev_runtime/private/isolate_helper.dart 81:9         <fn>
DartError: setState() callback argument returned a Future.
The setState() method on _MatchDetailsScreenState#b0c84 was called with a closure or method that returned a Future. Maybe it is marked as "async".
Instead of performing asynchronous work inside a call to setState(), first execute the work (without updating the widget state), and then synchronously update the state inside a call to setState().
dart-sdk/lib/_internal/js_dev_runtime/private/ddc_runtime/errors.dart 274:3    throw_
package:flutter/src/widgets/framework.dart 1202:9                              <fn>
package:flutter/src/widgets/framework.dart 1217:14                             setState
package:cricpro_flutter/screens/match_details/match_details_screen.dart 60:22  <fn>
dart-sdk/lib/_internal/js_dev_runtime/private/isolate_helper.dart 81:9         <fn>
DartError: setState() callback argument returned a Future.
The setState() method on _MatchDetailsScreenState#b0c84 was called with a closure or method that returned a Future. Maybe it is marked as "async".
Instead of performing asynchronous work inside a call to setState(), first execute the work (without updating the widget state), and then synchronously update the state inside a call to setState().
dart-sdk/lib/_internal/js_dev_runtime/private/ddc_runtime/errors.dart 274:3    throw_
package:flutter/src/widgets/framework.dart 1202:9                              <fn>
package:flutter/src/widgets/framework.dart 1217:14                             setState
package:cricpro_flutter/screens/match_details/match_details_screen.dart 66:22  <fn>
dart-sdk/lib/_internal/js_dev_runtime/private/isolate_helper.dart 81:9         <fn>
DartError: setState() callback argument returned a Future.
The setState() method on _MatchDetailsScreenState#b0c84 was called with a closure or method that returned a Future. Maybe it is marked as "async".
Instead of performing asynchronous work inside a call to setState(), first execute the work (without updating the widget state), and then synchronously update the state inside a call to setState().
dart-sdk/lib/_internal/js_dev_runtime/private/ddc_runtime/errors.dart 274:3    throw_
package:flutter/src/widgets/framework.dart 1202:9                              <fn>
package:flutter/src/widgets/framework.dart 1217:14                             setState
package:cricpro_flutter/screens/match_details/match_details_screen.dart 60:22  <fn>
dart-sdk/lib/_internal/js_dev_runtime/private/isolate_helper.dart 81:9         <fn>
DartError: setState() callback argument returned a Future.
The setState() method on _MatchDetailsScreenState#b0c84 was called with a closure or method that returned a Future. Maybe it is marked as "async".
Instead of performing asynchronous work inside a call to setState(), first execute the work (without updating the widget state), and then synchronously update the state inside a call to setState().
dart-sdk/lib/_internal/js_dev_runtime/private/ddc_runtime/errors.dart 274:3    throw_
package:flutter/src/widgets/framework.dart 1202:9                              <fn>
package:flutter/src/widgets/framework.dart 1217:14                             setState
package:cricpro_flutter/screens/match_details/match_details_screen.dart 60:22  <fn>
dart-sdk/lib/_internal/js_dev_runtime/private/isolate_helper.dart 81:9         <fn>
DartError: setState() callback argument returned a Future.
The setState() method on _MatchDetailsScreenState#b0c84 was called with a closure or method that returned a Future. Maybe it is marked as "async".
Instead of performing asynchronous work inside a call to setState(), first execute the work (without updating the widget state), and then synchronously update the state inside a call to setState().
dart-sdk/lib/_internal/js_dev_runtime/private/ddc_runtime/errors.dart 274:3    throw_
package:flutter/src/widgets/framework.dart 1202:9                              <fn>
package:flutter/src/widgets/framework.dart 1217:14                             setState
package:cricpro_flutter/screens/match_details/match_details_screen.dart 66:22  <fn>
dart-sdk/lib/_internal/js_dev_runtime/private/isolate_helper.dart 81:9         <fn>
DartError: setState() callback argument returned a Future.
The setState() method on _MatchDetailsScreenState#b0c84 was called with a closure or method that returned a Future. Maybe it is marked as "async".
Instead of performing asynchronous work inside a call to setState(), first execute the work (without updating the widget state), and then synchronously update the state inside a call to setState().
dart-sdk/lib/_internal/js_dev_runtime/private/ddc_runtime/errors.dart 274:3    throw_
package:flutter/src/widgets/framework.dart 1202:9                              <fn>
package:flutter/src/widgets/framework.dart 1217:14                             setState
package:cricpro_flutter/screens/match_details/match_details_screen.dart 60:22  <fn>
dart-sdk/lib/_internal/js_dev_runtime/private/isolate_helper.dart 81:9         <fn>
DartError: setState() callback argument returned a Future.
The setState() method on _MatchDetailsScreenState#b0c84 was called with a closure or method that returned a Future. Maybe it is marked as "async".
Instead of performing asynchronous work inside a call to setState(), first execute the work (without updating the widget state), and then synchronously update the state inside a call to setState().
dart-sdk/lib/_internal/js_dev_runtime/private/ddc_runtime/errors.dart 274:3    throw_
package:flutter/src/widgets/framework.dart 1202:9                              <fn>
package:flutter/src/widgets/framework.dart 1217:14                             setState
package:cricpro_flutter/screens/match_details/match_details_screen.dart 60:22  <fn>
dart-sdk/lib/_internal/js_dev_runtime/private/isolate_helper.dart 81:9         <fn>
DartError: setState() callback argument returned a Future.
The setState() method on _MatchDetailsScreenState#b0c84 was called with a closure or method that returned a Future. Maybe it is marked as "async".
Instead of performing asynchronous work inside a call to setState(), first execute the work (without updating the widget state), and then synchronously update the state inside a call to setState().
dart-sdk/lib/_internal/js_dev_runtime/private/ddc_runtime/errors.dart 274:3    throw_
package:flutter/src/widgets/framework.dart 1202:9                              <fn>
package:flutter/src/widgets/framework.dart 1217:14                             setState
package:cricpro_flutter/screens/match_details/match_details_screen.dart 60:22  <fn>
dart-sdk/lib/_internal/js_dev_runtime/private/isolate_helper.dart 81:9         <fn>
DartError: setState() callback argument returned a Future.
The setState() method on _MatchDetailsScreenState#b0c84 was called with a closure or method that returned a Future. Maybe it is marked as "async".
Instead of performing asynchronous work inside a call to setState(), first execute the work (without updating the widget state), and then synchronously update the state inside a call to setState().
dart-sdk/lib/_internal/js_dev_runtime/private/ddc_runtime/errors.dart 274:3    throw_
package:flutter/src/widgets/framework.dart 1202:9                              <fn>
package:flutter/src/widgets/framework.dart 1217:14                             setState
package:cricpro_flutter/screens/match_details/match_details_screen.dart 66:22  <fn>
dart-sdk/lib/_internal/js_dev_runtime/private/isolate_helper.dart 81:9         <fn>
DartError: setState() callback argument returned a Future.
The setState() method on _MatchDetailsScreenState#b0c84 was called with a closure or method that returned a Future. Maybe it is marked as "async".
Instead of performing asynchronous work inside a call to setState(), first execute the work (without updating the widget state), and then synchronously update the state inside a call to setState().
dart-sdk/lib/_internal/js_dev_runtime/private/ddc_runtime/errors.dart 274:3    throw_
package:flutter/src/widgets/framework.dart 1202:9                              <fn>
package:flutter/src/widgets/framework.dart 1217:14                             setState
package:cricpro_flutter/screens/match_details/match_details_screen.dart 60:22  <fn>
dart-sdk/lib/_internal/js_dev_runtime/private/isolate_helper.dart 81:9         <fn>
DartError: setState() callback argument returned a Future.
The setState() method on _MatchDetailsScreenState#b0c84 was called with a closure or method that returned a Future. Maybe it is marked as "async".
Instead of performing asynchronous work inside a call to setState(), first execute the work (without updating the widget state), and then synchronously update the state inside a call to setState().
dart-sdk/lib/_internal/js_dev_runtime/private/ddc_runtime/errors.dart 274:3    throw_
package:flutter/src/widgets/framework.dart 1202:9                              <fn>
package:flutter/src/widgets/framework.dart 1217:14                             setState
package:cricpro_flutter/screens/match_details/match_details_screen.dart 60:22  <fn>
dart-sdk/lib/_internal/js_dev_runtime/private/isolate_helper.dart 81:9         <fn>
DartError: setState() callback argument returned a Future.
The setState() method on _MatchDetailsScreenState#b0c84 was called with a closure or method that returned a Future. Maybe it is marked as "async".
Instead of performing asynchronous work inside a call to setState(), first execute the work (without updating the widget state), and then synchronously update the state inside a call to setState().
dart-sdk/lib/_internal/js_dev_runtime/private/ddc_runtime/errors.dart 274:3    throw_
package:flutter/src/widgets/framework.dart 1202:9                              <fn>
package:flutter/src/widgets/framework.dart 1217:14                             setState
package:cricpro_flutter/screens/match_details/match_details_screen.dart 66:22  <fn>
dart-sdk/lib/_internal/js_dev_runtime/private/isolate_helper.dart 81:9         <fn>
DartError: setState() callback argument returned a Future.
The setState() method on _MatchDetailsScreenState#b0c84 was called with a closure or method that returned a Future. Maybe it is marked as "async".
Instead of performing asynchronous work inside a call to setState(), first execute the work (without updating the widget state), and then synchronously update the state inside a call to setState().
dart-sdk/lib/_internal/js_dev_runtime/private/ddc_runtime/errors.dart 274:3    throw_
package:flutter/src/widgets/framework.dart 1202:9                              <fn>
package:flutter/src/widgets/framework.dart 1217:14                             setState
package:cricpro_flutter/screens/match_details/match_details_screen.dart 60:22  <fn>
dart-sdk/lib/_internal/js_dev_runtime/private/isolate_helper.dart 81:9         <fn>
DartError: setState() callback argument returned a Future.
The setState() method on _MatchDetailsScreenState#b0c84 was called with a closure or method that returned a Future. Maybe it is marked as "async".
Instead of performing asynchronous work inside a call to setState(), first execute the work (without updating the widget state), and then synchronously update the state inside a call to setState().
dart-sdk/lib/_internal/js_dev_runtime/private/ddc_runtime/errors.dart 274:3    throw_
package:flutter/src/widgets/framework.dart 1202:9                              <fn>
package:flutter/src/widgets/framework.dart 1217:14                             setState
package:cricpro_flutter/screens/match_details/match_details_screen.dart 60:22  <fn>
dart-sdk/lib/_internal/js_dev_runtime/private/isolate_helper.dart 81:9         <fn>
DartError: setState() callback argument returned a Future.
The setState() method on _MatchDetailsScreenState#b0c84 was called with a closure or method that returned a Future. Maybe it is marked as "async".
Instead of performing asynchronous work inside a call to setState(), first execute the work (without updating the widget state), and then synchronously update the state inside a call to setState().
dart-sdk/lib/_internal/js_dev_runtime/private/ddc_runtime/errors.dart 274:3    throw_
package:flutter/src/widgets/framework.dart 1202:9                              <fn>
package:flutter/src/widgets/framework.dart 1217:14                             setState
package:cricpro_flutter/screens/match_details/match_details_screen.dart 60:22  <fn>
dart-sdk/lib/_internal/js_dev_runtime/private/isolate_helper.dart 81:9         <fn>
DartError: setState() callback argument returned a Future.
The setState() method on _MatchDetailsScreenState#b0c84 was called with a closure or method that returned a Future. Maybe it is marked as "async".
Instead of performing asynchronous work inside a call to setState(), first execute the work (without updating the widget state), and then synchronously update the state inside a call to setState().
dart-sdk/lib/_internal/js_dev_runtime/private/ddc_runtime/errors.dart 274:3    throw_
package:flutter/src/widgets/framework.dart 1202:9                              <fn>
package:flutter/src/widgets/framework.dart 1217:14                             setState
package:cricpro_flutter/screens/match_details/match_details_screen.dart 66:22  <fn>
dart-sdk/lib/_internal/js_dev_runtime/private/isolate_helper.dart 81:9         <fn>
DartError: setState() callback argument returned a Future.
The setState() method on _MatchDetailsScreenState#b0c84 was called with a closure or method that returned a Future. Maybe it is marked as "async".
Instead of performing asynchronous work inside a call to setState(), first execute the work (without updating the widget state), and then synchronously update the state inside a call to setState().
dart-sdk/lib/_internal/js_dev_runtime/private/ddc_runtime/errors.dart 274:3    throw_
package:flutter/src/widgets/framework.dart 1202:9                              <fn>
package:flutter/src/widgets/framework.dart 1217:14                             setState
package:cricpro_flutter/screens/match_details/match_details_screen.dart 60:22  <fn>
dart-sdk/lib/_internal/js_dev_runtime/private/isolate_helper.dart 81:9         <fn>
DartError: setState() callback argument returned a Future.
The setState() method on _MatchDetailsScreenState#b0c84 was called with a closure or method that returned a Future. Maybe it is marked as "async".
Instead of performing asynchronous work inside a call to setState(), first execute the work (without updating the widget state), and then synchronously update the state inside a call to setState().
dart-sdk/lib/_internal/js_dev_runtime/private/ddc_runtime/errors.dart 274:3    throw_
package:flutter/src/widgets/framework.dart 1202:9                              <fn>
package:flutter/src/widgets/framework.dart 1217:14                             setState
package:cricpro_flutter/screens/match_details/match_details_screen.dart 60:22  <fn>
dart-sdk/lib/_internal/js_dev_runtime/private/isolate_helper.dart 81:9         <fn>
DartError: setState() callback argument returned a Future.
The setState() method on _MatchDetailsScreenState#b0c84 was called with a closure or method that returned a Future. Maybe it is marked as "async".
Instead of performing asynchronous work inside a call to setState(), first execute the work (without updating the widget state), and then synchronously update the state inside a call to setState().
dart-sdk/lib/_internal/js_dev_runtime/private/ddc_runtime/errors.dart 274:3    throw_
package:flutter/src/widgets/framework.dart 1202:9                              <fn>
package:flutter/src/widgets/framework.dart 1217:14                             setState
package:cricpro_flutter/screens/match_details/match_details_screen.dart 66:22  <fn>
dart-sdk/lib/_internal/js_dev_runtime/private/isolate_helper.dart 81:9         <fn>
DartError: setState() callback argument returned a Future.
The setState() method on _MatchDetailsScreenState#b0c84 was called with a closure or method that returned a Future. Maybe it is marked as "async".
Instead of performing asynchronous work inside a call to setState(), first execute the work (without updating the widget state), and then synchronously update the state inside a call to setState().
dart-sdk/lib/_internal/js_dev_runtime/private/ddc_runtime/errors.dart 274:3    throw_
package:flutter/src/widgets/framework.dart 1202:9                              <fn>
package:flutter/src/widgets/framework.dart 1217:14                             setState
package:cricpro_flutter/screens/match_details/match_details_screen.dart 60:22  <fn>
dart-sdk/lib/_internal/js_dev_runtime/private/isolate_helper.dart 81:9         <fn>
DartError: setState() callback argument returned a Future.
The setState() method on _MatchDetailsScreenState#b0c84 was called with a closure or method that returned a Future. Maybe it is marked as "async".
Instead of performing asynchronous work inside a call to setState(), first execute the work (without updating the widget state), and then synchronously update the state inside a call to setState().
dart-sdk/lib/_internal/js_dev_runtime/private/ddc_runtime/errors.dart 274:3    throw_
package:flutter/src/widgets/framework.dart 1202:9                              <fn>
package:flutter/src/widgets/framework.dart 1217:14                             setState
package:cricpro_flutter/screens/match_details/match_details_screen.dart 60:22  <fn>
dart-sdk/lib/_internal/js_dev_runtime/private/isolate_helper.dart 81:9         <fn>
DartError: setState() callback argument returned a Future.
The setState() method on _MatchDetailsScreenState#b0c84 was called with a closure or method that returned a Future. Maybe it is marked as "async".
Instead of performing asynchronous work inside a call to setState(), first execute the work (without updating the widget state), and then synchronously update the state inside a call to setState().
dart-sdk/lib/_internal/js_dev_runtime/private/ddc_runtime/errors.dart 274:3    throw_
package:flutter/src/widgets/framework.dart 1202:9                              <fn>
package:flutter/src/widgets/framework.dart 1217:14                             setState
package:cricpro_flutter/screens/match_details/match_details_screen.dart 60:22  <fn>
dart-sdk/lib/_internal/js_dev_runtime/private/isolate_helper.dart 81:9         <fn>
DartError: setState() callback argument returned a Future.
The setState() method on _MatchDetailsScreenState#b0c84 was called with a closure or method that returned a Future. Maybe it is marked as "async".
Instead of performing asynchronous work inside a call to setState(), first execute the work (without updating the widget state), and then synchronously update the state inside a call to setState().
dart-sdk/lib/_internal/js_dev_runtime/private/ddc_runtime/errors.dart 274:3    throw_
package:flutter/src/widgets/framework.dart 1202:9                              <fn>
package:flutter/src/widgets/framework.dart 1217:14                             setState
package:cricpro_flutter/screens/match_details/match_details_screen.dart 66:22  <fn>
dart-sdk/lib/_internal/js_dev_runtime/private/isolate_helper.dart 81:9         <fn>
DartError: setState() callback argument returned a Future.
The setState() method on _MatchDetailsScreenState#b0c84 was called with a closure or method that returned a Future. Maybe it is marked as "async".
Instead of performing asynchronous work inside a call to setState(), first execute the work (without updating the widget state), and then synchronously update the state inside a call to setState().
dart-sdk/lib/_internal/js_dev_runtime/private/ddc_runtime/errors.dart 274:3    throw_
package:flutter/src/widgets/framework.dart 1202:9                              <fn>
package:flutter/src/widgets/framework.dart 1217:14                             setState
package:cricpro_flutter/screens/match_details/match_details_screen.dart 60:22  <fn>
dart-sdk/lib/_internal/js_dev_runtime/private/isolate_helper.dart 81:9         <fn>
DartError: setState() callback argument returned a Future.
The setState() method on _MatchDetailsScreenState#b0c84 was called with a closure or method that returned a Future. Maybe it is marked as "async".
Instead of performing asynchronous work inside a call to setState(), first execute the work (without updating the widget state), and then synchronously update the state inside a call to setState().
dart-sdk/lib/_internal/js_dev_runtime/private/ddc_runtime/errors.dart 274:3    throw_
package:flutter/src/widgets/framework.dart 1202:9                              <fn>
package:flutter/src/widgets/framework.dart 1217:14                             setState
package:cricpro_flutter/screens/match_details/match_details_screen.dart 60:22  <fn>
dart-sdk/lib/_internal/js_dev_runtime/private/isolate_helper.dart 81:9         <fn>
DartError: setState() callback argument returned a Future.
The setState() method on _MatchDetailsScreenState#b0c84 was called with a closure or method that returned a Future. Maybe it is marked as "async".
Instead of performing asynchronous work inside a call to setState(), first execute the work (without updating the widget state), and then synchronously update the state inside a call to setState().
dart-sdk/lib/_internal/js_dev_runtime/private/ddc_runtime/errors.dart 274:3    throw_
package:flutter/src/widgets/framework.dart 1202:9                              <fn>
package:flutter/src/widgets/framework.dart 1217:14                             setState
package:cricpro_flutter/screens/match_details/match_details_screen.dart 66:22  <fn>
dart-sdk/lib/_internal/js_dev_runtime/private/isolate_helper.dart 81:9         <fn>
DartError: setState() callback argument returned a Future.
The setState() method on _MatchDetailsScreenState#b0c84 was called with a closure or method that returned a Future. Maybe it is marked as "async".
Instead of performing asynchronous work inside a call to setState(), first execute the work (without updating the widget state), and then synchronously update the state inside a call to setState().
dart-sdk/lib/_internal/js_dev_runtime/private/ddc_runtime/errors.dart 274:3    throw_
package:flutter/src/widgets/framework.dart 1202:9                              <fn>
package:flutter/src/widgets/framework.dart 1217:14                             setState
package:cricpro_flutter/screens/match_details/match_details_screen.dart 60:22  <fn>
dart-sdk/lib/_internal/js_dev_runtime/private/isolate_helper.dart 81:9         <fn>
DartError: setState() callback argument returned a Future.
The setState() method on _MatchDetailsScreenState#b0c84 was called with a closure or method that returned a Future. Maybe it is marked as "async".
Instead of performing asynchronous work inside a call to setState(), first execute the work (without updating the widget state), and then synchronously update the state inside a call to setState().
dart-sdk/lib/_internal/js_dev_runtime/private/ddc_runtime/errors.dart 274:3    throw_
package:flutter/src/widgets/framework.dart 1202:9                              <fn>
package:flutter/src/widgets/framework.dart 1217:14                             setState
package:cricpro_flutter/screens/match_details/match_details_screen.dart 60:22  <fn>
dart-sdk/lib/_internal/js_dev_runtime/private/isolate_helper.dart 81:9         <fn>
DartError: setState() callback argument returned a Future.
The setState() method on _MatchDetailsScreenState#b0c84 was called with a closure or method that returned a Future. Maybe it is marked as "async".
Instead of performing asynchronous work inside a call to setState(), first execute the work (without updating the widget state), and then synchronously update the state inside a call to setState().
dart-sdk/lib/_internal/js_dev_runtime/private/ddc_runtime/errors.dart 274:3    throw_
package:flutter/src/widgets/framework.dart 1202:9                              <fn>
package:flutter/src/widgets/framework.dart 1217:14                             setState
package:cricpro_flutter/screens/match_details/match_details_screen.dart 60:22  <fn>
dart-sdk/lib/_internal/js_dev_runtime/private/isolate_helper.dart 81:9         <fn>
DartError: setState() callback argument returned a Future.
The setState() method on _MatchDetailsScreenState#b0c84 was called with a closure or method that returned a Future. Maybe it is marked as "async".
Instead of performing asynchronous work inside a call to setState(), first execute the work (without updating the widget state), and then synchronously update the state inside a call to setState().
dart-sdk/lib/_internal/js_dev_runtime/private/ddc_runtime/errors.dart 274:3    throw_
package:flutter/src/widgets/framework.dart 1202:9                              <fn>
package:flutter/src/widgets/framework.dart 1217:14                             setState
package:cricpro_flutter/screens/match_details/match_details_screen.dart 66:22  <fn>
dart-sdk/lib/_internal/js_dev_runtime/private/isolate_helper.dart 81:9         <fn>
DartError: setState() callback argument returned a Future.
The setState() method on _MatchDetailsScreenState#b0c84 was called with a closure or method that returned a Future. Maybe it is marked as "async".
Instead of performing asynchronous work inside a call to setState(), first execute the work (without updating the widget state), and then synchronously update the state inside a call to setState().
dart-sdk/lib/_internal/js_dev_runtime/private/ddc_runtime/errors.dart 274:3    throw_
package:flutter/src/widgets/framework.dart 1202:9                              <fn>
package:flutter/src/widgets/framework.dart 1217:14                             setState
package:cricpro_flutter/screens/match_details/match_details_screen.dart 60:22  <fn>
dart-sdk/lib/_internal/js_dev_runtime/private/isolate_helper.dart 81:9         <fn>
DartError: setState() callback argument returned a Future.
The setState() method on _MatchDetailsScreenState#b0c84 was called with a closure or method that returned a Future. Maybe it is marked as "async".
Instead of performing asynchronous work inside a call to setState(), first execute the work (without updating the widget state), and then synchronously update the state inside a call to setState().
dart-sdk/lib/_internal/js_dev_runtime/private/ddc_runtime/errors.dart 274:3    throw_
package:flutter/src/widgets/framework.dart 1202:9                              <fn>
package:flutter/src/widgets/framework.dart 1217:14                             setState
package:cricpro_flutter/screens/match_details/match_details_screen.dart 60:22  <fn>
dart-sdk/lib/_internal/js_dev_runtime/private/isolate_helper.dart 81:9         <fn>
DartError: setState() callback argument returned a Future.
The setState() method on _MatchDetailsScreenState#b0c84 was called with a closure or method that returned a Future. Maybe it is marked as "async".
Instead of performing asynchronous work inside a call to setState(), first execute the work (without updating the widget state), and then synchronously update the state inside a call to setState().
dart-sdk/lib/_internal/js_dev_runtime/private/ddc_runtime/errors.dart 274:3    throw_
package:flutter/src/widgets/framework.dart 1202:9                              <fn>
package:flutter/src/widgets/framework.dart 1217:14                             setState
package:cricpro_flutter/screens/match_details/match_details_screen.dart 66:22  <fn>
dart-sdk/lib/_internal/js_dev_runtime/private/isolate_helper.dart 81:9         <fn>
DartError: setState() callback argument returned a Future.
The setState() method on _MatchDetailsScreenState#b0c84 was called with a closure or method that returned a Future. Maybe it is marked as "async".
Instead of performing asynchronous work inside a call to setState(), first execute the work (without updating the widget state), and then synchronously update the state inside a call to setState().
dart-sdk/lib/_internal/js_dev_runtime/private/ddc_runtime/errors.dart 274:3    throw_
package:flutter/src/widgets/framework.dart 1202:9                              <fn>
package:flutter/src/widgets/framework.dart 1217:14                             setState
package:cricpro_flutter/screens/match_details/match_details_screen.dart 60:22  <fn>
dart-sdk/lib/_internal/js_dev_runtime/private/isolate_helper.dart 81:9         <fn>
DartError: setState() callback argument returned a Future.
The setState() method on _MatchDetailsScreenState#b0c84 was called with a closure or method that returned a Future. Maybe it is marked as "async".
Instead of performing asynchronous work inside a call to setState(), first execute the work (without updating the widget state), and then synchronously update the state inside a call to setState().
dart-sdk/lib/_internal/js_dev_runtime/private/ddc_runtime/errors.dart 274:3    throw_
package:flutter/src/widgets/framework.dart 1202:9                              <fn>
package:flutter/src/widgets/framework.dart 1217:14                             setState
package:cricpro_flutter/screens/match_details/match_details_screen.dart 60:22  <fn>
dart-sdk/lib/_internal/js_dev_runtime/private/isolate_helper.dart 81:9         <fn>
DartError: setState() callback argument returned a Future.
The setState() method on _MatchDetailsScreenState#b0c84 was called with a closure or method that returned a Future. Maybe it is marked as "async".
Instead of performing asynchronous work inside a call to setState(), first execute the work (without updating the widget state), and then synchronously update the state inside a call to setState().
dart-sdk/lib/_internal/js_dev_runtime/private/ddc_runtime/errors.dart 274:3    throw_
package:flutter/src/widgets/framework.dart 1202:9                              <fn>
package:flutter/src/widgets/framework.dart 1217:14                             setState
package:cricpro_flutter/screens/match_details/match_details_screen.dart 60:22  <fn>
dart-sdk/lib/_internal/js_dev_runtime/private/isolate_helper.dart 81:9         <fn>
DartError: setState() callback argument returned a Future.
The setState() method on _MatchDetailsScreenState#b0c84 was called with a closure or method that returned a Future. Maybe it is marked as "async".
Instead of performing asynchronous work inside a call to setState(), first execute the work (without updating the widget state), and then synchronously update the state inside a call to setState().
dart-sdk/lib/_internal/js_dev_runtime/private/ddc_runtime/errors.dart 274:3    throw_
package:flutter/src/widgets/framework.dart 1202:9                              <fn>
package:flutter/src/widgets/framework.dart 1217:14                             setState
package:cricpro_flutter/screens/match_details/match_details_screen.dart 66:22  <fn>
dart-sdk/lib/_internal/js_dev_runtime/private/isolate_helper.dart 81:9         <fn>
DartError: setState() callback argument returned a Future.
The setState() method on _MatchDetailsScreenState#b0c84 was called with a closure or method that returned a Future. Maybe it is marked as "async".
Instead of performing asynchronous work inside a call to setState(), first execute the work (without updating the widget state), and then synchronously update the state inside a call to setState().
dart-sdk/lib/_internal/js_dev_runtime/private/ddc_runtime/errors.dart 274:3    throw_
package:flutter/src/widgets/framework.dart 1202:9                              <fn>
package:flutter/src/widgets/framework.dart 1217:14                             setState
package:cricpro_flutter/screens/match_details/match_details_screen.dart 60:22  <fn>
dart-sdk/lib/_internal/js_dev_runtime/private/isolate_helper.dart 81:9         <fn>
DartError: setState() callback argument returned a Future.
The setState() method on _MatchDetailsScreenState#b0c84 was called with a closure or method that returned a Future. Maybe it is marked as "async".
Instead of performing asynchronous work inside a call to setState(), first execute the work (without updating the widget state), and then synchronously update the state inside a call to setState().
dart-sdk/lib/_internal/js_dev_runtime/private/ddc_runtime/errors.dart 274:3    throw_
package:flutter/src/widgets/framework.dart 1202:9                              <fn>
package:flutter/src/widgets/framework.dart 1217:14                             setState
package:cricpro_flutter/screens/match_details/match_details_screen.dart 60:22  <fn>
dart-sdk/lib/_internal/js_dev_runtime/private/isolate_helper.dart 81:9         <fn>
DartError: setState() callback argument returned a Future.
The setState() method on _MatchDetailsScreenState#b0c84 was called with a closure or method that returned a Future. Maybe it is marked as "async".
Instead of performing asynchronous work inside a call to setState(), first execute the work (without updating the widget state), and then synchronously update the state inside a call to setState().
dart-sdk/lib/_internal/js_dev_runtime/private/ddc_runtime/errors.dart 274:3    throw_
package:flutter/src/widgets/framework.dart 1202:9                              <fn>
package:flutter/src/widgets/framework.dart 1217:14                             setState
package:cricpro_flutter/screens/match_details/match_details_screen.dart 66:22  <fn>
dart-sdk/lib/_internal/js_dev_runtime/private/isolate_helper.dart 81:9         <fn>
DartError: setState() callback argument returned a Future.
The setState() method on _MatchDetailsScreenState#b0c84 was called with a closure or method that returned a Future. Maybe it is marked as "async".
Instead of performing asynchronous work inside a call to setState(), first execute the work (without updating the widget state), and then synchronously update the state inside a call to setState().
dart-sdk/lib/_internal/js_dev_runtime/private/ddc_runtime/errors.dart 274:3    throw_
package:flutter/src/widgets/framework.dart 1202:9                              <fn>
package:flutter/src/widgets/framework.dart 1217:14                             setState
package:cricpro_flutter/screens/match_details/match_details_screen.dart 60:22  <fn>
dart-sdk/lib/_internal/js_dev_runtime/private/isolate_helper.dart 81:9         <fn>
DartError: setState() callback argument returned a Future.
The setState() method on _MatchDetailsScreenState#b0c84 was called with a closure or method that returned a Future. Maybe it is marked as "async".
Instead of performing asynchronous work inside a call to setState(), first execute the work (without updating the widget state), and then synchronously update the state inside a call to setState().
dart-sdk/lib/_internal/js_dev_runtime/private/ddc_runtime/errors.dart 274:3    throw_
package:flutter/src/widgets/framework.dart 1202:9                              <fn>
package:flutter/src/widgets/framework.dart 1217:14                             setState
package:cricpro_flutter/screens/match_details/match_details_screen.dart 60:22  <fn>
dart-sdk/lib/_internal/js_dev_runtime/private/isolate_helper.dart 81:9         <fn>
DartError: setState() callback argument returned a Future.
The setState() method on _MatchDetailsScreenState#b0c84 was called with a closure or method that returned a Future. Maybe it is marked as "async".
Instead of performing asynchronous work inside a call to setState(), first execute the work (without updating the widget state), and then synchronously update the state inside a call to setState().
dart-sdk/lib/_internal/js_dev_runtime/private/ddc_runtime/errors.dart 274:3    throw_
package:flutter/src/widgets/framework.dart 1202:9                              <fn>
package:flutter/src/widgets/framework.dart 1217:14                             setState
package:cricpro_flutter/screens/match_details/match_details_screen.dart 60:22  <fn>
dart-sdk/lib/_internal/js_dev_runtime/private/isolate_helper.dart 81:9         <fn>
DartError: setState() callback argument returned a Future.
The setState() method on _MatchDetailsScreenState#b0c84 was called with a closure or method that returned a Future. Maybe it is marked as "async".
Instead of performing asynchronous work inside a call to setState(), first execute the work (without updating the widget state), and then synchronously update the state inside a call to setState().
dart-sdk/lib/_internal/js_dev_runtime/private/ddc_runtime/errors.dart 274:3    throw_
package:flutter/src/widgets/framework.dart 1202:9                              <fn>
package:flutter/src/widgets/framework.dart 1217:14                             setState
package:cricpro_flutter/screens/match_details/match_details_screen.dart 66:22  <fn>
dart-sdk/lib/_internal/js_dev_runtime/private/isolate_helper.dart 81:9         <fn>
DartError: setState() callback argument returned a Future.
The setState() method on _MatchDetailsScreenState#b0c84 was called with a closure or method that returned a Future. Maybe it is marked as "async".
Instead of performing asynchronous work inside a call to setState(), first execute the work (without updating the widget state), and then synchronously update the state inside a call to setState().
dart-sdk/lib/_internal/js_dev_runtime/private/ddc_runtime/errors.dart 274:3    throw_
package:flutter/src/widgets/framework.dart 1202:9                              <fn>
package:flutter/src/widgets/framework.dart 1217:14                             setState
package:cricpro_flutter/screens/match_details/match_details_screen.dart 60:22  <fn>
dart-sdk/lib/_internal/js_dev_runtime/private/isolate_helper.dart 81:9         <fn>
DartError: setState() callback argument returned a Future.
The setState() method on _MatchDetailsScreenState#b0c84 was called with a closure or method that returned a Future. Maybe it is marked as "async".
Instead of performing asynchronous work inside a call to setState(), first execute the work (without updating the widget state), and then synchronously update the state inside a call to setState().
dart-sdk/lib/_internal/js_dev_runtime/private/ddc_runtime/errors.dart 274:3    throw_
package:flutter/src/widgets/framework.dart 1202:9                              <fn>
package:flutter/src/widgets/framework.dart 1217:14                             setState
package:cricpro_flutter/screens/match_details/match_details_screen.dart 60:22  <fn>
dart-sdk/lib/_internal/js_dev_runtime/private/isolate_helper.dart 81:9         <fn>
DartError: setState() callback argument returned a Future.
The setState() method on _MatchDetailsScreenState#b0c84 was called with a closure or method that returned a Future. Maybe it is marked as "async".
Instead of performing asynchronous work inside a call to setState(), first execute the work (without updating the widget state), and then synchronously update the state inside a call to setState().
dart-sdk/lib/_internal/js_dev_runtime/private/ddc_runtime/errors.dart 274:3    throw_
package:flutter/src/widgets/framework.dart 1202:9                              <fn>
package:flutter/src/widgets/framework.dart 1217:14                             setState
package:cricpro_flutter/screens/match_details/match_details_screen.dart 66:22  <fn>
dart-sdk/lib/_internal/js_dev_runtime/private/isolate_helper.dart 81:9         <fn>
DartError: setState() callback argument returned a Future.
The setState() method on _MatchDetailsScreenState#b0c84 was called with a closure or method that returned a Future. Maybe it is marked as "async".
Instead of performing asynchronous work inside a call to setState(), first execute the work (without updating the widget state), and then synchronously update the state inside a call to setState().
dart-sdk/lib/_internal/js_dev_runtime/private/ddc_runtime/errors.dart 274:3    throw_
package:flutter/src/widgets/framework.dart 1202:9                              <fn>
package:flutter/src/widgets/framework.dart 1217:14                             setState
package:cricpro_flutter/screens/match_details/match_details_screen.dart 60:22  <fn>
dart-sdk/lib/_internal/js_dev_runtime/private/isolate_helper.dart 81:9         <fn>
DartError: setState() callback argument returned a Future.
The setState() method on _MatchDetailsScreenState#b0c84 was called with a closure or method that returned a Future. Maybe it is marked as "async".
Instead of performing asynchronous work inside a call to setState(), first execute the work (without updating the widget state), and then synchronously update the state inside a call to setState().
dart-sdk/lib/_internal/js_dev_runtime/private/ddc_runtime/errors.dart 274:3    throw_
package:flutter/src/widgets/framework.dart 1202:9                              <fn>
package:flutter/src/widgets/framework.dart 1217:14                             setState
package:cricpro_flutter/screens/match_details/match_details_screen.dart 60:22  <fn>
dart-sdk/lib/_internal/js_dev_runtime/private/isolate_helper.dart 81:9         <fn>
DartError: setState() callback argument returned a Future.
The setState() method on _MatchDetailsScreenState#b0c84 was called with a closure or method that returned a Future. Maybe it is marked as "async".
Instead of performing asynchronous work inside a call to setState(), first execute the work (without updating the widget state), and then synchronously update the state inside a call to setState().
dart-sdk/lib/_internal/js_dev_runtime/private/ddc_runtime/errors.dart 274:3    throw_
package:flutter/src/widgets/framework.dart 1202:9                              <fn>
package:flutter/src/widgets/framework.dart 1217:14                             setState
package:cricpro_flutter/screens/match_details/match_details_screen.dart 60:22  <fn>
dart-sdk/lib/_internal/js_dev_runtime/private/isolate_helper.dart 81:9         <fn>
DartError: setState() callback argument returned a Future.
The setState() method on _MatchDetailsScreenState#b0c84 was called with a closure or method that returned a Future. Maybe it is marked as "async".
Instead of performing asynchronous work inside a call to setState(), first execute the work (without updating the widget state), and then synchronously update the state inside a call to setState().
dart-sdk/lib/_internal/js_dev_runtime/private/ddc_runtime/errors.dart 274:3    throw_
package:flutter/src/widgets/framework.dart 1202:9                              <fn>
package:flutter/src/widgets/framework.dart 1217:14                             setState
package:cricpro_flutter/screens/match_details/match_details_screen.dart 66:22  <fn>
dart-sdk/lib/_internal/js_dev_runtime/private/isolate_helper.dart 81:9         <fn>
DartError: setState() callback argument returned a Future.
The setState() method on _MatchDetailsScreenState#b0c84 was called with a closure or method that returned a Future. Maybe it is marked as "async".
Instead of performing asynchronous work inside a call to setState(), first execute the work (without updating the widget state), and then synchronously update the state inside a call to setState().
dart-sdk/lib/_internal/js_dev_runtime/private/ddc_runtime/errors.dart 274:3    throw_
package:flutter/src/widgets/framework.dart 1202:9                              <fn>
package:flutter/src/widgets/framework.dart 1217:14                             setState
package:cricpro_flutter/screens/match_details/match_details_screen.dart 60:22  <fn>
dart-sdk/lib/_internal/js_dev_runtime/private/isolate_helper.dart 81:9         <fn>
DartError: setState() callback argument returned a Future.
The setState() method on _MatchDetailsScreenState#b0c84 was called with a closure or method that returned a Future. Maybe it is marked as "async".
Instead of performing asynchronous work inside a call to setState(), first execute the work (without updating the widget state), and then synchronously update the state inside a call to setState().
dart-sdk/lib/_internal/js_dev_runtime/private/ddc_runtime/errors.dart 274:3    throw_
package:flutter/src/widgets/framework.dart 1202:9                              <fn>
package:flutter/src/widgets/framework.dart 1217:14                             setState
package:cricpro_flutter/screens/match_details/match_details_screen.dart 60:22  <fn>
dart-sdk/lib/_internal/js_dev_runtime/private/isolate_helper.dart 81:9         <fn>
DartError: setState() callback argument returned a Future.
The setState() method on _MatchDetailsScreenState#b0c84 was called with a closure or method that returned a Future. Maybe it is marked as "async".
Instead of performing asynchronous work inside a call to setState(), first execute the work (without updating the widget state), and then synchronously update the state inside a call to setState().
dart-sdk/lib/_internal/js_dev_runtime/private/ddc_runtime/errors.dart 274:3    throw_
package:flutter/src/widgets/framework.dart 1202:9                              <fn>
package:flutter/src/widgets/framework.dart 1217:14                             setState
package:cricpro_flutter/screens/match_details/match_details_screen.dart 66:22  <fn>
dart-sdk/lib/_internal/js_dev_runtime/private/isolate_helper.dart 81:9         <fn>
DartError: setState() callback argument returned a Future.
The setState() method on _MatchDetailsScreenState#b0c84 was called with a closure or method that returned a Future. Maybe it is marked as "async".
Instead of performing asynchronous work inside a call to setState(), first execute the work (without updating the widget state), and then synchronously update the state inside a call to setState().
dart-sdk/lib/_internal/js_dev_runtime/private/ddc_runtime/errors.dart 274:3    throw_
package:flutter/src/widgets/framework.dart 1202:9                              <fn>
package:flutter/src/widgets/framework.dart 1217:14                             setState
package:cricpro_flutter/screens/match_details/match_details_screen.dart 60:22  <fn>
dart-sdk/lib/_internal/js_dev_runtime/private/isolate_helper.dart 81:9         <fn>
DartError: setState() callback argument returned a Future.
The setState() method on _MatchDetailsScreenState#b0c84 was called with a closure or method that returned a Future. Maybe it is marked as "async".
Instead of performing asynchronous work inside a call to setState(), first execute the work (without updating the widget state), and then synchronously update the state inside a call to setState().
dart-sdk/lib/_internal/js_dev_runtime/private/ddc_runtime/errors.dart 274:3    throw_
package:flutter/src/widgets/framework.dart 1202:9                              <fn>
package:flutter/src/widgets/framework.dart 1217:14                             setState
package:cricpro_flutter/screens/match_details/match_details_screen.dart 60:22  <fn>
dart-sdk/lib/_internal/js_dev_runtime/private/isolate_helper.dart 81:9         <fn>
DartError: setState() callback argument returned a Future.
The setState() method on _MatchDetailsScreenState#b0c84 was called with a closure or method that returned a Future. Maybe it is marked as "async".
Instead of performing asynchronous work inside a call to setState(), first execute the work (without updating the widget state), and then synchronously update the state inside a call to setState().
dart-sdk/lib/_internal/js_dev_runtime/private/ddc_runtime/errors.dart 274:3    throw_
package:flutter/src/widgets/framework.dart 1202:9                              <fn>
package:flutter/src/widgets/framework.dart 1217:14                             setState
package:cricpro_flutter/screens/match_details/match_details_screen.dart 60:22  <fn>
dart-sdk/lib/_internal/js_dev_runtime/private/isolate_helper.dart 81:9         <fn>
DartError: setState() callback argument returned a Future.
The setState() method on _MatchDetailsScreenState#b0c84 was called with a closure or method that returned a Future. Maybe it is marked as "async".
Instead of performing asynchronous work inside a call to setState(), first execute the work (without updating the widget state), and then synchronously update the state inside a call to setState().
dart-sdk/lib/_internal/js_dev_runtime/private/ddc_runtime/errors.dart 274:3    throw_
package:flutter/src/widgets/framework.dart 1202:9                              <fn>
package:flutter/src/widgets/framework.dart 1217:14                             setState
package:cricpro_flutter/screens/match_details/match_details_screen.dart 66:22  <fn>
dart-sdk/lib/_internal/js_dev_runtime/private/isolate_helper.dart 81:9         <fn>
DartError: setState() callback argument returned a Future.
The setState() method on _MatchDetailsScreenState#b0c84 was called with a closure or method that returned a Future. Maybe it is marked as "async".
Instead of performing asynchronous work inside a call to setState(), first execute the work (without updating the widget state), and then synchronously update the state inside a call to setState().
dart-sdk/lib/_internal/js_dev_runtime/private/ddc_runtime/errors.dart 274:3    throw_
package:flutter/src/widgets/framework.dart 1202:9                              <fn>
package:flutter/src/widgets/framework.dart 1217:14                             setState
package:cricpro_flutter/screens/match_details/match_details_screen.dart 60:22  <fn>
dart-sdk/lib/_internal/js_dev_runtime/private/isolate_helper.dart 81:9         <fn>
DartError: setState() callback argument returned a Future.
The setState() method on _MatchDetailsScreenState#b0c84 was called with a closure or method that returned a Future. Maybe it is marked as "async".
Instead of performing asynchronous work inside a call to setState(), first execute the work (without updating the widget state), and then synchronously update the state inside a call to setState().
dart-sdk/lib/_internal/js_dev_runtime/private/ddc_runtime/errors.dart 274:3    throw_
package:flutter/src/widgets/framework.dart 1202:9                              <fn>
package:flutter/src/widgets/framework.dart 1217:14                             setState
package:cricpro_flutter/screens/match_details/match_details_screen.dart 60:22  <fn>
dart-sdk/lib/_internal/js_dev_runtime/private/isolate_helper.dart 81:9         <fn>
DartError: setState() callback argument returned a Future.
The setState() method on _MatchDetailsScreenState#b0c84 was called with a closure or method that returned a Future. Maybe it is marked as "async".
Instead of performing asynchronous work inside a call to setState(), first execute the work (without updating the widget state), and then synchronously update the state inside a call to setState().
dart-sdk/lib/_internal/js_dev_runtime/private/ddc_runtime/errors.dart 274:3    throw_
package:flutter/src/widgets/framework.dart 1202:9                              <fn>
package:flutter/src/widgets/framework.dart 1217:14                             setState
package:cricpro_flutter/screens/match_details/match_details_screen.dart 66:22  <fn>
dart-sdk/lib/_internal/js_dev_runtime/private/isolate_helper.dart 81:9         <fn>
DartError: setState() callback argument returned a Future.
The setState() method on _MatchDetailsScreenState#b0c84 was called with a closure or method that returned a Future. Maybe it is marked as "async".
Instead of performing asynchronous work inside a call to setState(), first execute the work (without updating the widget state), and then synchronously update the state inside a call to setState().
dart-sdk/lib/_internal/js_dev_runtime/private/ddc_runtime/errors.dart 274:3    throw_
package:flutter/src/widgets/framework.dart 1202:9                              <fn>
package:flutter/src/widgets/framework.dart 1217:14                             setState
package:cricpro_flutter/screens/match_details/match_details_screen.dart 60:22  <fn>
dart-sdk/lib/_internal/js_dev_runtime/private/isolate_helper.dart 81:9         <fn>
DartError: setState() callback argument returned a Future.
The setState() method on _MatchDetailsScreenState#b0c84 was called with a closure or method that returned a Future. Maybe it is marked as "async".
Instead of performing asynchronous work inside a call to setState(), first execute the work (without updating the widget state), and then synchronously update the state inside a call to setState().
dart-sdk/lib/_internal/js_dev_runtime/private/ddc_runtime/errors.dart 274:3    throw_
package:flutter/src/widgets/framework.dart 1202:9                              <fn>
package:flutter/src/widgets/framework.dart 1217:14                             setState
package:cricpro_flutter/screens/match_details/match_details_screen.dart 60:22  <fn>
dart-sdk/lib/_internal/js_dev_runtime/private/isolate_helper.dart 81:9         <fn>
DartError: setState() callback argument returned a Future.
The setState() method on _MatchDetailsScreenState#b0c84 was called with a closure or method that returned a Future. Maybe it is marked as "async".
Instead of performing asynchronous work inside a call to setState(), first execute the work (without updating the widget state), and then synchronously update the state inside a call to setState().
dart-sdk/lib/_internal/js_dev_runtime/private/ddc_runtime/errors.dart 274:3    throw_
package:flutter/src/widgets/framework.dart 1202:9                              <fn>
package:flutter/src/widgets/framework.dart 1217:14                             setState
package:cricpro_flutter/screens/match_details/match_details_screen.dart 60:22  <fn>
dart-sdk/lib/_internal/js_dev_runtime/private/isolate_helper.dart 81:9         <fn>
DartError: setState() callback argument returned a Future.
The setState() method on _MatchDetailsScreenState#b0c84 was called with a closure or method that returned a Future. Maybe it is marked as "async".
Instead of performing asynchronous work inside a call to setState(), first execute the work (without updating the widget state), and then synchronously update the state inside a call to setState().
dart-sdk/lib/_internal/js_dev_runtime/private/ddc_runtime/errors.dart 274:3    throw_
package:flutter/src/widgets/framework.dart 1202:9                              <fn>
package:flutter/src/widgets/framework.dart 1217:14                             setState
package:cricpro_flutter/screens/match_details/match_details_screen.dart 66:22  <fn>
dart-sdk/lib/_internal/js_dev_runtime/private/isolate_helper.dart 81:9         <fn>
DartError: setState() callback argument returned a Future.
The setState() method on _MatchDetailsScreenState#b0c84 was called with a closure or method that returned a Future. Maybe it is marked as "async".
Instead of performing asynchronous work inside a call to setState(), first execute the work (without updating the widget state), and then synchronously update the state inside a call to setState().
dart-sdk/lib/_internal/js_dev_runtime/private/ddc_runtime/errors.dart 274:3    throw_
package:flutter/src/widgets/framework.dart 1202:9                              <fn>
package:flutter/src/widgets/framework.dart 1217:14                             setState
package:cricpro_flutter/screens/match_details/match_details_screen.dart 60:22  <fn>
dart-sdk/lib/_internal/js_dev_runtime/private/isolate_helper.dart 81:9         <fn>
DartError: setState() callback argument returned a Future.
The setState() method on _MatchDetailsScreenState#b0c84 was called with a closure or method that returned a Future. Maybe it is marked as "async".
Instead of performing asynchronous work inside a call to setState(), first execute the work (without updating the widget state), and then synchronously update the state inside a call to setState().
dart-sdk/lib/_internal/js_dev_runtime/private/ddc_runtime/errors.dart 274:3    throw_
package:flutter/src/widgets/framework.dart 1202:9                              <fn>
package:flutter/src/widgets/framework.dart 1217:14                             setState
package:cricpro_flutter/screens/match_details/match_details_screen.dart 60:22  <fn>
dart-sdk/lib/_internal/js_dev_runtime/private/isolate_helper.dart 81:9         <fn>
DartError: setState() callback argument returned a Future.
The setState() method on _MatchDetailsScreenState#b0c84 was called with a closure or method that returned a Future. Maybe it is marked as "async".
Instead of performing asynchronous work inside a call to setState(), first execute the work (without updating the widget state), and then synchronously update the state inside a call to setState().
dart-sdk/lib/_internal/js_dev_runtime/private/ddc_runtime/errors.dart 274:3    throw_
package:flutter/src/widgets/framework.dart 1202:9                              <fn>
package:flutter/src/widgets/framework.dart 1217:14                             setState
package:cricpro_flutter/screens/match_details/match_details_screen.dart 66:22  <fn>
dart-sdk/lib/_internal/js_dev_runtime/private/isolate_helper.dart 81:9         <fn>
DartError: setState() callback argument returned a Future.
The setState() method on _MatchDetailsScreenState#b0c84 was called with a closure or method that returned a Future. Maybe it is marked as "async".
Instead of performing asynchronous work inside a call to setState(), first execute the work (without updating the widget state), and then synchronously update the state inside a call to setState().
dart-sdk/lib/_internal/js_dev_runtime/private/ddc_runtime/errors.dart 274:3    throw_
package:flutter/src/widgets/framework.dart 1202:9                              <fn>
package:flutter/src/widgets/framework.dart 1217:14                             setState
package:cricpro_flutter/screens/match_details/match_details_screen.dart 60:22  <fn>
dart-sdk/lib/_internal/js_dev_runtime/private/isolate_helper.dart 81:9         <fn>
DartError: setState() callback argument returned a Future.
The setState() method on _MatchDetailsScreenState#b0c84 was called with a closure or method that returned a Future. Maybe it is marked as "async".
Instead of performing asynchronous work inside a call to setState(), first execute the work (without updating the widget state), and then synchronously update the state inside a call to setState().
dart-sdk/lib/_internal/js_dev_runtime/private/ddc_runtime/errors.dart 274:3    throw_
package:flutter/src/widgets/framework.dart 1202:9                              <fn>
package:flutter/src/widgets/framework.dart 1217:14                             setState
package:cricpro_flutter/screens/match_details/match_details_screen.dart 60:22  <fn>
dart-sdk/lib/_internal/js_dev_runtime/private/isolate_helper.dart 81:9         <fn>
DartError: setState() callback argument returned a Future.
The setState() method on _MatchDetailsScreenState#b0c84 was called with a closure or method that returned a Future. Maybe it is marked as "async".
Instead of performing asynchronous work inside a call to setState(), first execute the work (without updating the widget state), and then synchronously update the state inside a call to setState().
dart-sdk/lib/_internal/js_dev_runtime/private/ddc_runtime/errors.dart 274:3    throw_
package:flutter/src/widgets/framework.dart 1202:9                              <fn>
package:flutter/src/widgets/framework.dart 1217:14                             setState
package:cricpro_flutter/screens/match_details/match_details_screen.dart 60:22  <fn>
dart-sdk/lib/_internal/js_dev_runtime/private/isolate_helper.dart 81:9         <fn>
DartError: setState() callback argument returned a Future.
The setState() method on _MatchDetailsScreenState#b0c84 was called with a closure or method that returned a Future. Maybe it is marked as "async".
Instead of performing asynchronous work inside a call to setState(), first execute the work (without updating the widget state), and then synchronously update the state inside a call to setState().
dart-sdk/lib/_internal/js_dev_runtime/private/ddc_runtime/errors.dart 274:3    throw_
package:flutter/src/widgets/framework.dart 1202:9                              <fn>
package:flutter/src/widgets/framework.dart 1217:14                             setState
package:cricpro_flutter/screens/match_details/match_details_screen.dart 66:22  <fn>
dart-sdk/lib/_internal/js_dev_runtime/private/isolate_helper.dart 81:9         <fn>
DartError: setState() callback argument returned a Future.
The setState() method on _MatchDetailsScreenState#b0c84 was called with a closure or method that returned a Future. Maybe it is marked as "async".
Instead of performing asynchronous work inside a call to setState(), first execute the work (without updating the widget state), and then synchronously update the state inside a call to setState().
dart-sdk/lib/_internal/js_dev_runtime/private/ddc_runtime/errors.dart 274:3    throw_
package:flutter/src/widgets/framework.dart 1202:9                              <fn>
package:flutter/src/widgets/framework.dart 1217:14                             setState
package:cricpro_flutter/screens/match_details/match_details_screen.dart 60:22  <fn>
dart-sdk/lib/_internal/js_dev_runtime/private/isolate_helper.dart 81:9         <fn>
DartError: setState() callback argument returned a Future.
The setState() method on _MatchDetailsScreenState#b0c84 was called with a closure or method that returned a Future. Maybe it is marked as "async".
Instead of performing asynchronous work inside a call to setState(), first execute the work (without updating the widget state), and then synchronously update the state inside a call to setState().
dart-sdk/lib/_internal/js_dev_runtime/private/ddc_runtime/errors.dart 274:3    throw_
package:flutter/src/widgets/framework.dart 1202:9                              <fn>
package:flutter/src/widgets/framework.dart 1217:14                             setState
package:cricpro_flutter/screens/match_details/match_details_screen.dart 60:22  <fn>
dart-sdk/lib/_internal/js_dev_runtime/private/isolate_helper.dart 81:9         <fn>
DartError: setState() callback argument returned a Future.
The setState() method on _MatchDetailsScreenState#b0c84 was called with a closure or method that returned a Future. Maybe it is marked as "async".
Instead of performing asynchronous work inside a call to setState(), first execute the work (without updating the widget state), and then synchronously update the state inside a call to setState().
dart-sdk/lib/_internal/js_dev_runtime/private/ddc_runtime/errors.dart 274:3    throw_
package:flutter/src/widgets/framework.dart 1202:9                              <fn>
package:flutter/src/widgets/framework.dart 1217:14                             setState
package:cricpro_flutter/screens/match_details/match_details_screen.dart 66:22  <fn>
dart-sdk/lib/_internal/js_dev_runtime/private/isolate_helper.dart 81:9         <fn>
DartError: setState() callback argument returned a Future.
The setState() method on _MatchDetailsScreenState#b0c84 was called with a closure or method that returned a Future. Maybe it is marked as "async".
Instead of performing asynchronous work inside a call to setState(), first execute the work (without updating the widget state), and then synchronously update the state inside a call to setState().
dart-sdk/lib/_internal/js_dev_runtime/private/ddc_runtime/errors.dart 274:3    throw_
package:flutter/src/widgets/framework.dart 1202:9                              <fn>
package:flutter/src/widgets/framework.dart 1217:14                             setState
package:cricpro_flutter/screens/match_details/match_details_screen.dart 60:22  <fn>
dart-sdk/lib/_internal/js_dev_runtime/private/isolate_helper.dart 81:9         <fn>
DartError: setState() callback argument returned a Future.
The setState() method on _MatchDetailsScreenState#b0c84 was called with a closure or method that returned a Future. Maybe it is marked as "async".
Instead of performing asynchronous work inside a call to setState(), first execute the work (without updating the widget state), and then synchronously update the state inside a call to setState().
dart-sdk/lib/_internal/js_dev_runtime/private/ddc_runtime/errors.dart 274:3    throw_
package:flutter/src/widgets/framework.dart 1202:9                              <fn>
package:flutter/src/widgets/framework.dart 1217:14                             setState
package:cricpro_flutter/screens/match_details/match_details_screen.dart 60:22  <fn>
dart-sdk/lib/_internal/js_dev_runtime/private/isolate_helper.dart 81:9         <fn>
DartError: setState() callback argument returned a Future.
The setState() method on _MatchDetailsScreenState#b0c84 was called with a closure or method that returned a Future. Maybe it is marked as "async".
Instead of performing asynchronous work inside a call to setState(), first execute the work (without updating the widget state), and then synchronously update the state inside a call to setState().
dart-sdk/lib/_internal/js_dev_runtime/private/ddc_runtime/errors.dart 274:3    throw_
package:flutter/src/widgets/framework.dart 1202:9                              <fn>
package:flutter/src/widgets/framework.dart 1217:14                             setState
package:cricpro_flutter/screens/match_details/match_details_screen.dart 60:22  <fn>
dart-sdk/lib/_internal/js_dev_runtime/private/isolate_helper.dart 81:9         <fn>
DartError: setState() callback argument returned a Future.
The setState() method on _MatchDetailsScreenState#b0c84 was called with a closure or method that returned a Future. Maybe it is marked as "async".
Instead of performing asynchronous work inside a call to setState(), first execute the work (without updating the widget state), and then synchronously update the state inside a call to setState().
dart-sdk/lib/_internal/js_dev_runtime/private/ddc_runtime/errors.dart 274:3    throw_
package:flutter/src/widgets/framework.dart 1202:9                              <fn>
package:flutter/src/widgets/framework.dart 1217:14                             setState
package:cricpro_flutter/screens/match_details/match_details_screen.dart 66:22  <fn>
dart-sdk/lib/_internal/js_dev_runtime/private/isolate_helper.dart 81:9         <fn>
DartError: setState() callback argument returned a Future.
The setState() method on _MatchDetailsScreenState#b0c84 was called with a closure or method that returned a Future. Maybe it is marked as "async".
Instead of performing asynchronous work inside a call to setState(), first execute the work (without updating the widget state), and then synchronously update the state inside a call to setState().
dart-sdk/lib/_internal/js_dev_runtime/private/ddc_runtime/errors.dart 274:3    throw_
package:flutter/src/widgets/framework.dart 1202:9                              <fn>
package:flutter/src/widgets/framework.dart 1217:14                             setState
package:cricpro_flutter/screens/match_details/match_details_screen.dart 60:22  <fn>
dart-sdk/lib/_internal/js_dev_runtime/private/isolate_helper.dart 81:9         <fn>
DartError: setState() callback argument returned a Future.
The setState() method on _MatchDetailsScreenState#b0c84 was called with a closure or method that returned a Future. Maybe it is marked as "async".
Instead of performing asynchronous work inside a call to setState(), first execute the work (without updating the widget state), and then synchronously update the state inside a call to setState().
dart-sdk/lib/_internal/js_dev_runtime/private/ddc_runtime/errors.dart 274:3    throw_
package:flutter/src/widgets/framework.dart 1202:9                              <fn>
package:flutter/src/widgets/framework.dart 1217:14                             setState
package:cricpro_flutter/screens/match_details/match_details_screen.dart 60:22  <fn>
dart-sdk/lib/_internal/js_dev_runtime/private/isolate_helper.dart 81:9         <fn>
DartError: setState() callback argument returned a Future.
The setState() method on _MatchDetailsScreenState#b0c84 was called with a closure or method that returned a Future. Maybe it is marked as "async".
Instead of performing asynchronous work inside a call to setState(), first execute the work (without updating the widget state), and then synchronously update the state inside a call to setState().
dart-sdk/lib/_internal/js_dev_runtime/private/ddc_runtime/errors.dart 274:3    throw_
package:flutter/src/widgets/framework.dart 1202:9                              <fn>
package:flutter/src/widgets/framework.dart 1217:14                             setState
package:cricpro_flutter/screens/match_details/match_details_screen.dart 66:22  <fn>
dart-sdk/lib/_internal/js_dev_runtime/private/isolate_helper.dart 81:9         <fn>
DartError: setState() callback argument returned a Future.
The setState() method on _MatchDetailsScreenState#b0c84 was called with a closure or method that returned a Future. Maybe it is marked as "async".
Instead of performing asynchronous work inside a call to setState(), first execute the work (without updating the widget state), and then synchronously update the state inside a call to setState().
dart-sdk/lib/_internal/js_dev_runtime/private/ddc_runtime/errors.dart 274:3    throw_
package:flutter/src/widgets/framework.dart 1202:9                              <fn>
package:flutter/src/widgets/framework.dart 1217:14                             setState
package:cricpro_flutter/screens/match_details/match_details_screen.dart 60:22  <fn>
dart-sdk/lib/_internal/js_dev_runtime/private/isolate_helper.dart 81:9         <fn>
DartError: setState() callback argument returned a Future.
The setState() method on _MatchDetailsScreenState#b0c84 was called with a closure or method that returned a Future. Maybe it is marked as "async".
Instead of performing asynchronous work inside a call to setState(), first execute the work (without updating the widget state), and then synchronously update the state inside a call to setState().
dart-sdk/lib/_internal/js_dev_runtime/private/ddc_runtime/errors.dart 274:3    throw_
package:flutter/src/widgets/framework.dart 1202:9                              <fn>
package:flutter/src/widgets/framework.dart 1217:14                             setState
package:cricpro_flutter/screens/match_details/match_details_screen.dart 60:22  <fn>
dart-sdk/lib/_internal/js_dev_runtime/private/isolate_helper.dart 81:9         <fn>
DartError: setState() callback argument returned a Future.
The setState() method on _MatchDetailsScreenState#b0c84 was called with a closure or method that returned a Future. Maybe it is marked as "async".
Instead of performing asynchronous work inside a call to setState(), first execute the work (without updating the widget state), and then synchronously update the state inside a call to setState().
dart-sdk/lib/_internal/js_dev_runtime/private/ddc_runtime/errors.dart 274:3    throw_
package:flutter/src/widgets/framework.dart 1202:9                              <fn>
package:flutter/src/widgets/framework.dart 1217:14                             setState
package:cricpro_flutter/screens/match_details/match_details_screen.dart 60:22  <fn>
dart-sdk/lib/_internal/js_dev_runtime/private/isolate_helper.dart 81:9         <fn>
DartError: setState() callback argument returned a Future.
The setState() method on _MatchDetailsScreenState#b0c84 was called with a closure or method that returned a Future. Maybe it is marked as "async".
Instead of performing asynchronous work inside a call to setState(), first execute the work (without updating the widget state), and then synchronously update the state inside a call to setState().
dart-sdk/lib/_internal/js_dev_runtime/private/ddc_runtime/errors.dart 274:3    throw_
package:flutter/src/widgets/framework.dart 1202:9                              <fn>
package:flutter/src/widgets/framework.dart 1217:14                             setState
package:cricpro_flutter/screens/match_details/match_details_screen.dart 66:22  <fn>
dart-sdk/lib/_internal/js_dev_runtime/private/isolate_helper.dart 81:9         <fn>
DartError: setState() callback argument returned a Future.
The setState() method on _MatchDetailsScreenState#b0c84 was called with a closure or method that returned a Future. Maybe it is marked as "async".
Instead of performing asynchronous work inside a call to setState(), first execute the work (without updating the widget state), and then synchronously update the state inside a call to setState().
dart-sdk/lib/_internal/js_dev_runtime/private/ddc_runtime/errors.dart 274:3    throw_
package:flutter/src/widgets/framework.dart 1202:9                              <fn>
package:flutter/src/widgets/framework.dart 1217:14                             setState
package:cricpro_flutter/screens/match_details/match_details_screen.dart 60:22  <fn>
dart-sdk/lib/_internal/js_dev_runtime/private/isolate_helper.dart 81:9         <fn>
Starting application from main method in: org-dartlang-app:/web_entrypoint.dart.
══╡ EXCEPTION CAUGHT BY GESTURE ╞═══════════════════════════════════════════════════════════════════
The following assertion was thrown while handling a gesture:
setState() callback argument returned a Future.
The setState() method on _RankingsScreenState#4db6b was called with a closure or method that
returned a Future. Maybe it is marked as "async".
Instead of performing asynchronous work inside a call to setState(), first execute the work (without
updating the widget state), and then synchronously update the state inside a call to setState().

When the exception was thrown, this was the stack:
dart-sdk/lib/_internal/js_dev_runtime/private/ddc_runtime/errors.dart 274:3       throw_
package:flutter/src/widgets/framework.dart 1202:9                                 <fn>
package:flutter/src/widgets/framework.dart 1217:14                                setState
package:cricpro_flutter/screens/rankings/rankings_screen.dart 51:5                [_reload]
package:cricpro_flutter/screens/rankings/rankings_screen.dart 149:40              <fn>
package:flutter/src/material/ink_well.dart 1224:21                                handleTap
dart-sdk/lib/_internal/js_dev_runtime/private/ddc_runtime/operations.dart 118:77  tear
package:flutter/src/gestures/recognizer.dart 345:24                               invokeCallback
package:flutter/src/gestures/tap.dart 758:11                                      handleTapUp
package:flutter/src/gestures/tap.dart 383:5                                       [_checkUp]
package:flutter/src/gestures/tap.dart 353:7                                       acceptGesture
package:flutter/src/gestures/arena.dart 173:12                                    sweep
package:flutter/src/gestures/binding.dart 532:7                                   handleEvent
package:flutter/src/gestures/binding.dart 498:14                                  dispatchEvent
package:flutter/src/rendering/binding.dart 473:11                                 dispatchEvent
package:flutter/src/gestures/binding.dart 437:7                                   [_handlePointerEventImmediately]
package:flutter/src/gestures/binding.dart 394:5                                   handlePointerEvent
package:flutter/src/gestures/binding.dart 341:7                                   [_flushPointerEventQueue]
package:flutter/src/gestures/binding.dart 308:9                                   [_handlePointerDataPacket]
dart-sdk/lib/_internal/js_dev_runtime/private/ddc_runtime/operations.dart 118:77  tear
lib/_engine/engine/platform_dispatcher.dart 1704:5                                invoke1
lib/_engine/engine/platform_dispatcher.dart 292:5                                 invokeOnPointerDataPacket
lib/_engine/engine/pointer_binding.dart 451:30                                    [_sendToFramework]
lib/_engine/engine/pointer_binding.dart 233:7                                     onPointerData
dart-sdk/lib/_internal/js_dev_runtime/private/ddc_runtime/operations.dart 118:77  tear
lib/_engine/engine/pointer_binding.dart 1070:20                                   <fn>
lib/_engine/engine/pointer_binding.dart 953:7                                     <fn>
lib/_engine/engine/pointer_binding.dart 576:9                                     loggedHandler
dart-sdk/lib/async/zone.dart 962:54                                               runUnary
dart-sdk/lib/async/zone.dart 917:26                                               <fn>
dart-sdk/lib/_internal/js_dev_runtime/patch/js_allow_interop_patch.dart 224:27    _callDartFunctionFast1
dart-sdk/lib/_internal/js_dev_runtime/patch/js_allow_interop_patch.dart 84:15     ret

Handler: "onTap"
Recognizer:
  TapGestureRecognizer#8e0d7
════════════════════════════════════════════════════════════════════════════════════════════════════
